date,count,museum,gallery,,,,
5/14/2016,395,M-SHED,TEMPORARY EXHIBITION GALLERY,,,,
5/15/2016,400,M-SHED,TEMPORARY EXHIBITION GALLERY,,,,
5/17/2016,332,M-SHED,TEMPORARY EXHIBITION GALLERY,,,,
5/18/2016,407,M-SHED,TEMPORARY EXHIBITION GALLERY,,,,
5/19/2016,419,M-SHED,TEMPORARY EXHIBITION GALLERY,,,,
5/20/2016,385,M-SHED,TEMPORARY EXHIBITION GALLERY,,,,
5/21/2016,2080,M-SHED,TEMPORARY EXHIBITION GALLERY,,,,
5/22/2016,924,M-SHED,TEMPORARY EXHIBITION GALLERY,,,,
5/24/2016,525,M-SHED,TEMPORARY EXHIBITION GALLERY,,,,
5/25/2016,659,M-SHED,TEMPORARY EXHIBITION GALLERY,,,,
5/26/2016,531,M-SHED,TEMPORARY EXHIBITION GALLERY,,,,
5/27/2016,1333,M-SHED,TEMPORARY EXHIBITION GALLERY,,,,
5/28/2016,1334,M-SHED,TEMPORARY EXHIBITION GALLERY,,,,
5/29/2016,1121,M-SHED,TEMPORARY EXHIBITION GALLERY,,,,
5/30/2016,1217,M-SHED,TEMPORARY EXHIBITION GALLERY,,,,
5/31/2016,899,M-SHED,TEMPORARY EXHIBITION GALLERY,,,,
6/1/2016,1090,M-SHED,TEMPORARY EXHIBITION GALLERY,,,,
6/2/2016,1143,M-SHED,TEMPORARY EXHIBITION GALLERY,,,,
6/3/2016,1122,M-SHED,TEMPORARY EXHIBITION GALLERY,,,,
6/4/2016,1142,M-SHED,TEMPORARY EXHIBITION GALLERY,,,,
6/5/2016,1022,M-SHED,TEMPORARY EXHIBITION GALLERY,,,,
6/7/2016,617,M-SHED,TEMPORARY EXHIBITION GALLERY,,,,
6/8/2016,649,M-SHED,TEMPORARY EXHIBITION GALLERY,,,,
6/9/2016,728,M-SHED,TEMPORARY EXHIBITION GALLERY,,,,
6/10/2016,548,M-SHED,TEMPORARY EXHIBITION GALLERY,,,,
6/11/2016,1273,M-SHED,TEMPORARY EXHIBITION GALLERY,,,,
6/12/2016,1426,M-SHED,TEMPORARY EXHIBITION GALLERY,,,,
7/1/2016,0,M-SHED,TEMPORARY EXHIBITION GALLERY,,,,
7/2/2016,507,M-SHED,TEMPORARY EXHIBITION GALLERY,,,,
7/3/2016,451,M-SHED,TEMPORARY EXHIBITION GALLERY,,,,
7/4/2016,0,M-SHED,TEMPORARY EXHIBITION GALLERY,,,,
7/5/2016,158,M-SHED,TEMPORARY EXHIBITION GALLERY,,,,
7/6/2016,120,M-SHED,TEMPORARY EXHIBITION GALLERY,,,,
7/7/2016,81,M-SHED,TEMPORARY EXHIBITION GALLERY,,,,
7/8/2016,101,M-SHED,TEMPORARY EXHIBITION GALLERY,,,,
7/9/2016,283,M-SHED,TEMPORARY EXHIBITION GALLERY,,,,
7/10/2016,374,M-SHED,TEMPORARY EXHIBITION GALLERY,,,,
7/11/2016,0,M-SHED,TEMPORARY EXHIBITION GALLERY,,,,
7/12/2016,118,M-SHED,TEMPORARY EXHIBITION GALLERY,,,,
7/13/2016,0,M-SHED,TEMPORARY EXHIBITION GALLERY,,,,
7/14/2016,125,M-SHED,TEMPORARY EXHIBITION GALLERY,,,,
7/15/2016,175,M-SHED,TEMPORARY EXHIBITION GALLERY,,,,
7/16/2016,280,M-SHED,TEMPORARY EXHIBITION GALLERY,,,,
7/17/2016,196,M-SHED,TEMPORARY EXHIBITION GALLERY,,,,
7/18/2016,1,M-SHED,TEMPORARY EXHIBITION GALLERY,,,,
7/19/2016,53,M-SHED,TEMPORARY EXHIBITION GALLERY,,,,
7/20/2016,98,M-SHED,TEMPORARY EXHIBITION GALLERY,,,,
7/21/2016,238,M-SHED,TEMPORARY EXHIBITION GALLERY,,,,
7/22/2016,182,M-SHED,TEMPORARY EXHIBITION GALLERY,,,,
7/23/2016,319,M-SHED,TEMPORARY EXHIBITION GALLERY,,,,
7/24/2016,387,M-SHED,TEMPORARY EXHIBITION GALLERY,,,,
7/25/2016,238,M-SHED,TEMPORARY EXHIBITION GALLERY,,,,
7/26/2016,460,M-SHED,TEMPORARY EXHIBITION GALLERY,,,,
7/27/2016,324,M-SHED,TEMPORARY EXHIBITION GALLERY,,,,
7/28/2016,356,M-SHED,TEMPORARY EXHIBITION GALLERY,,,,
7/29/2016,320,M-SHED,TEMPORARY EXHIBITION GALLERY,,,,
7/30/2016,411,M-SHED,TEMPORARY EXHIBITION GALLERY,,,,
7/31/2016,344,M-SHED,TEMPORARY EXHIBITION GALLERY,,,,
8/1/2016,357,M-SHED,TEMPORARY EXHIBITION GALLERY,,,,
8/2/2016,485,M-SHED,TEMPORARY EXHIBITION GALLERY,,,,
8/3/2016,418,M-SHED,TEMPORARY EXHIBITION GALLERY,,,,
8/4/2016,406,M-SHED,TEMPORARY EXHIBITION GALLERY,,,,
8/5/2016,271,M-SHED,TEMPORARY EXHIBITION GALLERY,,,,
8/6/2016,298,M-SHED,TEMPORARY EXHIBITION GALLERY,,,,
8/7/2016,381,M-SHED,TEMPORARY EXHIBITION GALLERY,,,,
8/8/2016,213,M-SHED,TEMPORARY EXHIBITION GALLERY,,,,
8/9/2016,291,M-SHED,TEMPORARY EXHIBITION GALLERY,,,,
8/10/2016,327,M-SHED,TEMPORARY EXHIBITION GALLERY,,,,
8/11/2016,316,M-SHED,TEMPORARY EXHIBITION GALLERY,,,,
8/12/2016,314,M-SHED,TEMPORARY EXHIBITION GALLERY,,,,
8/13/2016,494,M-SHED,TEMPORARY EXHIBITION GALLERY,,,,
8/14/2016,287,M-SHED,TEMPORARY EXHIBITION GALLERY,,,,
8/15/2016,250,M-SHED,TEMPORARY EXHIBITION GALLERY,,,,
8/16/2016,194,M-SHED,TEMPORARY EXHIBITION GALLERY,,,,
8/17/2016,264,M-SHED,TEMPORARY EXHIBITION GALLERY,,,,
8/18/2016,249,M-SHED,TEMPORARY EXHIBITION GALLERY,,,,
8/19/2016,378,M-SHED,TEMPORARY EXHIBITION GALLERY,,,,
8/20/2016,684,M-SHED,TEMPORARY EXHIBITION GALLERY,,,,
8/21/2016,491,M-SHED,TEMPORARY EXHIBITION GALLERY,,,,
8/22/2016,317,M-SHED,TEMPORARY EXHIBITION GALLERY,,,,
8/23/2016,291,M-SHED,TEMPORARY EXHIBITION GALLERY,,,,
8/24/2016,296,M-SHED,TEMPORARY EXHIBITION GALLERY,,,,
8/25/2016,269,M-SHED,TEMPORARY EXHIBITION GALLERY,,,,
8/26/2016,273,M-SHED,TEMPORARY EXHIBITION GALLERY,,,,
8/27/2016,473,M-SHED,TEMPORARY EXHIBITION GALLERY,,,,
8/28/2016,503,M-SHED,TEMPORARY EXHIBITION GALLERY,,,,
8/29/2016,464,M-SHED,TEMPORARY EXHIBITION GALLERY,,,,
8/30/2016,270,M-SHED,TEMPORARY EXHIBITION GALLERY,,,,
8/31/2016,266,M-SHED,TEMPORARY EXHIBITION GALLERY,,,,
9/1/2016,239,M-SHED,TEMPORARY EXHIBITION GALLERY,,,,
9/2/2016,338,M-SHED,TEMPORARY EXHIBITION GALLERY,,,,
9/3/2016,454,M-SHED,TEMPORARY EXHIBITION GALLERY,,,,
9/4/2016,346,M-SHED,TEMPORARY EXHIBITION GALLERY,,,,
9/5/2016,2,M-SHED,TEMPORARY EXHIBITION GALLERY,,,,
9/6/2016,91,M-SHED,TEMPORARY EXHIBITION GALLERY,,,,
9/7/2016,256,M-SHED,TEMPORARY EXHIBITION GALLERY,,,,
9/8/2016,147,M-SHED,TEMPORARY EXHIBITION GALLERY,,,,
9/9/2016,108,M-SHED,TEMPORARY EXHIBITION GALLERY,,,,
9/10/2016,280,M-SHED,TEMPORARY EXHIBITION GALLERY,,,,
9/11/2016,319,M-SHED,TEMPORARY EXHIBITION GALLERY,,,,
9/12/2016,0,M-SHED,TEMPORARY EXHIBITION GALLERY,,,,
9/13/2016,61,M-SHED,TEMPORARY EXHIBITION GALLERY,,,,
9/14/2016,76,M-SHED,TEMPORARY EXHIBITION GALLERY,,,,
9/15/2016,67,M-SHED,TEMPORARY EXHIBITION GALLERY,,,,
9/16/2016,103,M-SHED,TEMPORARY EXHIBITION GALLERY,,,,
9/17/2016,399,M-SHED,TEMPORARY EXHIBITION GALLERY,,,,
9/18/2016,284,M-SHED,TEMPORARY EXHIBITION GALLERY,,,,
9/19/2016,0,M-SHED,TEMPORARY EXHIBITION GALLERY,,,,
9/20/2016,120,M-SHED,TEMPORARY EXHIBITION GALLERY,,,,
9/21/2016,101,M-SHED,TEMPORARY EXHIBITION GALLERY,,,,
9/22/2016,59,M-SHED,TEMPORARY EXHIBITION GALLERY,,,,
9/23/2016,146,M-SHED,TEMPORARY EXHIBITION GALLERY,,,,
9/24/2016,468,M-SHED,TEMPORARY EXHIBITION GALLERY,,,,
9/25/2016,409,M-SHED,TEMPORARY EXHIBITION GALLERY,,,,
9/26/2016,0,M-SHED,TEMPORARY EXHIBITION GALLERY,,,,
9/27/2016,0,M-SHED,TEMPORARY EXHIBITION GALLERY,,,,
9/28/2016,0,M-SHED,TEMPORARY EXHIBITION GALLERY,,,,
9/29/2016,0,M-SHED,TEMPORARY EXHIBITION GALLERY,,,,
9/30/2016,0,M-SHED,TEMPORARY EXHIBITION GALLERY,,,,
11/1/2016,0,M-SHED,TEMPORARY EXHIBITION GALLERY,,,,
11/2/2016,0,M-SHED,TEMPORARY EXHIBITION GALLERY,,,,
11/3/2016,0,M-SHED,TEMPORARY EXHIBITION GALLERY,,,,
11/4/2016,0,M-SHED,TEMPORARY EXHIBITION GALLERY,,,,
11/5/2016,0,M-SHED,TEMPORARY EXHIBITION GALLERY,,,,
11/6/2016,0,M-SHED,TEMPORARY EXHIBITION GALLERY,,,,
11/7/2016,0,M-SHED,TEMPORARY EXHIBITION GALLERY,,,,
11/8/2016,0,M-SHED,TEMPORARY EXHIBITION GALLERY,,,,
11/9/2016,0,M-SHED,TEMPORARY EXHIBITION GALLERY,,,,
11/10/2016,0,M-SHED,TEMPORARY EXHIBITION GALLERY,,,,
11/11/2016,0,M-SHED,TEMPORARY EXHIBITION GALLERY,,,,
11/12/2016,641,M-SHED,TEMPORARY EXHIBITION GALLERY,,,,
11/13/2016,506,M-SHED,TEMPORARY EXHIBITION GALLERY,,,,
11/14/2016,0,M-SHED,TEMPORARY EXHIBITION GALLERY,,,,
11/15/2016,106,M-SHED,TEMPORARY EXHIBITION GALLERY,,,,
11/16/2016,135,M-SHED,TEMPORARY EXHIBITION GALLERY,,,,
11/17/2016,95,M-SHED,TEMPORARY EXHIBITION GALLERY,,,,
11/18/2016,134,M-SHED,TEMPORARY EXHIBITION GALLERY,,,,
11/19/2016,586,M-SHED,TEMPORARY EXHIBITION GALLERY,,,,
11/20/2016,499,M-SHED,TEMPORARY EXHIBITION GALLERY,,,,
11/21/2016,0,M-SHED,TEMPORARY EXHIBITION GALLERY,,,,
11/22/2016,118,M-SHED,TEMPORARY EXHIBITION GALLERY,,,,
11/23/2016,94,M-SHED,TEMPORARY EXHIBITION GALLERY,,,,
11/24/2016,76,M-SHED,TEMPORARY EXHIBITION GALLERY,,,,
11/25/2016,123,M-SHED,TEMPORARY EXHIBITION GALLERY,,,,
11/26/2016,458,M-SHED,TEMPORARY EXHIBITION GALLERY,,,,
11/27/2016,436,M-SHED,TEMPORARY EXHIBITION GALLERY,,,,
11/28/2016,0,M-SHED,TEMPORARY EXHIBITION GALLERY,,,,
11/29/2016,71,M-SHED,TEMPORARY EXHIBITION GALLERY,,,,
11/30/2016,106,M-SHED,TEMPORARY EXHIBITION GALLERY,,,,
12/1/2016,65,M-SHED,TEMPORARY EXHIBITION GALLERY,,,,
12/2/2016,62,M-SHED,TEMPORARY EXHIBITION GALLERY,,,,
12/3/2016,437,M-SHED,TEMPORARY EXHIBITION GALLERY,,,,
12/4/2016,319,M-SHED,TEMPORARY EXHIBITION GALLERY,,,,
12/5/2016,0,M-SHED,TEMPORARY EXHIBITION GALLERY,,,,
12/6/2016,46,M-SHED,TEMPORARY EXHIBITION GALLERY,,,,
12/7/2016,526,M-SHED,TEMPORARY EXHIBITION GALLERY,,,,
12/8/2016,57,M-SHED,TEMPORARY EXHIBITION GALLERY,,,,
12/9/2016,100,M-SHED,TEMPORARY EXHIBITION GALLERY,,,,
12/10/2016,303,M-SHED,TEMPORARY EXHIBITION GALLERY,,,,
12/11/2016,366,M-SHED,TEMPORARY EXHIBITION GALLERY,,,,
12/12/2016,0,M-SHED,TEMPORARY EXHIBITION GALLERY,,,,
12/13/2016,71,M-SHED,TEMPORARY EXHIBITION GALLERY,,,,
12/14/2016,60,M-SHED,TEMPORARY EXHIBITION GALLERY,,,,
12/15/2016,48,M-SHED,TEMPORARY EXHIBITION GALLERY,,,,
12/16/2016,97,M-SHED,TEMPORARY EXHIBITION GALLERY,,,,
12/17/2016,285,M-SHED,TEMPORARY EXHIBITION GALLERY,,,,
12/18/2016,248,M-SHED,TEMPORARY EXHIBITION GALLERY,,,,
12/19/2016,124,M-SHED,TEMPORARY EXHIBITION GALLERY,,,,
12/20/2016,160,M-SHED,TEMPORARY EXHIBITION GALLERY,,,,
12/21/2016,186,M-SHED,TEMPORARY EXHIBITION GALLERY,,,,
12/22/2016,214,M-SHED,TEMPORARY EXHIBITION GALLERY,,,,
12/23/2016,222,M-SHED,TEMPORARY EXHIBITION GALLERY,,,,
12/24/2016,147,M-SHED,TEMPORARY EXHIBITION GALLERY,,,,
12/25/2016,0,M-SHED,TEMPORARY EXHIBITION GALLERY,,,,
12/26/2016,0,M-SHED,TEMPORARY EXHIBITION GALLERY,,,,
12/27/2016,486,M-SHED,TEMPORARY EXHIBITION GALLERY,,,,
12/28/2016,415,M-SHED,TEMPORARY EXHIBITION GALLERY,,,,
12/29/2016,529,M-SHED,TEMPORARY EXHIBITION GALLERY,,,,
12/30/2016,480,M-SHED,TEMPORARY EXHIBITION GALLERY,,,,
12/31/2016,346,M-SHED,TEMPORARY EXHIBITION GALLERY,,,,
1/1/2017,413,M-SHED,TEMPORARY EXHIBITION GALLERY,,,,
1/2/2017,463,M-SHED,TEMPORARY EXHIBITION GALLERY,,,,
1/3/2017,192,M-SHED,TEMPORARY EXHIBITION GALLERY,,,,
1/4/2017,175,M-SHED,TEMPORARY EXHIBITION GALLERY,,,,
1/5/2017,146,M-SHED,TEMPORARY EXHIBITION GALLERY,,,,
1/6/2017,148,M-SHED,TEMPORARY EXHIBITION GALLERY,,,,
1/7/2017,562,M-SHED,TEMPORARY EXHIBITION GALLERY,,,,
1/8/2017,573,M-SHED,TEMPORARY EXHIBITION GALLERY,,,,
1/9/2017,0,M-SHED,TEMPORARY EXHIBITION GALLERY,,,,
1/10/2017,90,M-SHED,TEMPORARY EXHIBITION GALLERY,,,,
1/11/2017,613,M-SHED,TEMPORARY EXHIBITION GALLERY,,,,
1/12/2017,83,M-SHED,TEMPORARY EXHIBITION GALLERY,,,,
1/13/2017,136,M-SHED,TEMPORARY EXHIBITION GALLERY,,,,
1/14/2017,522,M-SHED,TEMPORARY EXHIBITION GALLERY,,,,
1/15/2017,627,M-SHED,TEMPORARY EXHIBITION GALLERY,,,,
1/16/2017,0,M-SHED,TEMPORARY EXHIBITION GALLERY,,,,
1/17/2017,124,M-SHED,TEMPORARY EXHIBITION GALLERY,,,,
1/18/2017,85,M-SHED,TEMPORARY EXHIBITION GALLERY,,,,
1/19/2017,91,M-SHED,TEMPORARY EXHIBITION GALLERY,,,,
1/20/2017,147,M-SHED,TEMPORARY EXHIBITION GALLERY,,,,
1/21/2017,496,M-SHED,TEMPORARY EXHIBITION GALLERY,,,,
1/22/2017,491,M-SHED,TEMPORARY EXHIBITION GALLERY,,,,
1/23/2017,0,M-SHED,TEMPORARY EXHIBITION GALLERY,,,,
1/24/2017,97,M-SHED,TEMPORARY EXHIBITION GALLERY,,,,
1/25/2017,132,M-SHED,TEMPORARY EXHIBITION GALLERY,,,,
1/26/2017,110,M-SHED,TEMPORARY EXHIBITION GALLERY,,,,
1/27/2017,124,M-SHED,TEMPORARY EXHIBITION GALLERY,,,,
1/28/2017,556,M-SHED,TEMPORARY EXHIBITION GALLERY,,,,
1/29/2017,599,M-SHED,TEMPORARY EXHIBITION GALLERY,,,,
1/30/2017,0,M-SHED,TEMPORARY EXHIBITION GALLERY,,,,
1/31/2017,189,M-SHED,TEMPORARY EXHIBITION GALLERY,,,,
2/1/2017,179,M-SHED,TEMPORARY EXHIBITION GALLERY,,,,
2/2/2017,109,M-SHED,TEMPORARY EXHIBITION GALLERY,,,,
2/3/2017,155,M-SHED,TEMPORARY EXHIBITION GALLERY,,,,
2/4/2017,443,M-SHED,TEMPORARY EXHIBITION GALLERY,,,,
2/5/2017,553,M-SHED,TEMPORARY EXHIBITION GALLERY,,,,
2/6/2017,0,M-SHED,TEMPORARY EXHIBITION GALLERY,,,,
2/7/2017,193,M-SHED,TEMPORARY EXHIBITION GALLERY,,,,
2/8/2017,296,M-SHED,TEMPORARY EXHIBITION GALLERY,,,,
2/9/2017,104,M-SHED,TEMPORARY EXHIBITION GALLERY,,,,
2/10/2017,211,M-SHED,TEMPORARY EXHIBITION GALLERY,,,,
2/11/2017,510,M-SHED,TEMPORARY EXHIBITION GALLERY,,,,
2/12/2017,648,M-SHED,TEMPORARY EXHIBITION GALLERY,,,,
2/13/2017,0,M-SHED,TEMPORARY EXHIBITION GALLERY,,,,
2/14/2017,419,M-SHED,TEMPORARY EXHIBITION GALLERY,,,,
2/15/2017,356,M-SHED,TEMPORARY EXHIBITION GALLERY,,,,
2/16/2017,339,M-SHED,TEMPORARY EXHIBITION GALLERY,,,,
2/17/2017,320,M-SHED,TEMPORARY EXHIBITION GALLERY,,,,
2/18/2017,624,M-SHED,TEMPORARY EXHIBITION GALLERY,,,,
2/19/2017,587,M-SHED,TEMPORARY EXHIBITION GALLERY,,,,
2/21/2017,165,M-SHED,TEMPORARY EXHIBITION GALLERY,,,,
2/22/2017,208,M-SHED,TEMPORARY EXHIBITION GALLERY,,,,
2/23/2017,139,M-SHED,TEMPORARY EXHIBITION GALLERY,,,,
2/24/2017,216,M-SHED,TEMPORARY EXHIBITION GALLERY,,,,
2/25/2017,628,M-SHED,TEMPORARY EXHIBITION GALLERY,,,,
2/26/2017,565,M-SHED,TEMPORARY EXHIBITION GALLERY,,,,
2/28/2017,205,M-SHED,TEMPORARY EXHIBITION GALLERY,,,,
3/1/2017,222,M-SHED,TEMPORARY EXHIBITION GALLERY,,,,
3/2/2017,211,M-SHED,TEMPORARY EXHIBITION GALLERY,,,,
3/3/2017,308,M-SHED,TEMPORARY EXHIBITION GALLERY,,,,
3/4/2017,529,M-SHED,TEMPORARY EXHIBITION GALLERY,,,,
3/5/2017,587,M-SHED,TEMPORARY EXHIBITION GALLERY,,,,
3/13/2017,0,M-SHED,TEMPORARY EXHIBITION GALLERY,,,,
3/14/2017,0,M-SHED,TEMPORARY EXHIBITION GALLERY,,,,
3/15/2017,0,M-SHED,TEMPORARY EXHIBITION GALLERY,,,,
3/16/2017,0,M-SHED,TEMPORARY EXHIBITION GALLERY,,,,
3/17/2017,0,M-SHED,TEMPORARY EXHIBITION GALLERY,,,,
3/18/2017,0,M-SHED,TEMPORARY EXHIBITION GALLERY,,,,
3/19/2017,0,M-SHED,TEMPORARY EXHIBITION GALLERY,,,,
3/20/2017,0,M-SHED,TEMPORARY EXHIBITION GALLERY,,,,
3/21/2017,0,M-SHED,TEMPORARY EXHIBITION GALLERY,,,,
3/22/2017,0,M-SHED,TEMPORARY EXHIBITION GALLERY,,,,
3/23/2017,0,M-SHED,TEMPORARY EXHIBITION GALLERY,,,,
3/24/2017,0,M-SHED,TEMPORARY EXHIBITION GALLERY,,,,
3/25/2017,0,M-SHED,TEMPORARY EXHIBITION GALLERY,,,,
3/26/2017,0,M-SHED,TEMPORARY EXHIBITION GALLERY,,,,
3/27/2017,0,M-SHED,TEMPORARY EXHIBITION GALLERY,,,,
3/28/2017,0,M-SHED,TEMPORARY EXHIBITION GALLERY,,,,
3/29/2017,0,M-SHED,TEMPORARY EXHIBITION GALLERY,,,,
3/30/2017,0,M-SHED,TEMPORARY EXHIBITION GALLERY,,,,
3/31/2017,0,M-SHED,TEMPORARY EXHIBITION GALLERY,,,,
4/1/2015,415,M-SHED,TEMPORARY EXHIBITION GALLERY,,,,
4/2/2015,0,M-SHED,TEMPORARY EXHIBITION GALLERY,,,,
4/3/2015,376,M-SHED,TEMPORARY EXHIBITION GALLERY,,,,
4/4/2015,445,M-SHED,TEMPORARY EXHIBITION GALLERY,,,,
4/5/2015,544,M-SHED,TEMPORARY EXHIBITION GALLERY,,,,
4/6/2015,315,M-SHED,TEMPORARY EXHIBITION GALLERY,,,,
4/7/2015,297,M-SHED,TEMPORARY EXHIBITION GALLERY,,,,
4/8/2015,303,M-SHED,TEMPORARY EXHIBITION GALLERY,,,,
4/9/2015,290,M-SHED,TEMPORARY EXHIBITION GALLERY,,,,
4/10/2015,330,M-SHED,TEMPORARY EXHIBITION GALLERY,,,,
4/11/2015,346,M-SHED,TEMPORARY EXHIBITION GALLERY,,,,
4/12/2015,306,M-SHED,TEMPORARY EXHIBITION GALLERY,,,,
4/13/2015,0,M-SHED,TEMPORARY EXHIBITION GALLERY,,,,
4/14/2015,142,M-SHED,TEMPORARY EXHIBITION GALLERY,,,,
4/15/2015,124,M-SHED,TEMPORARY EXHIBITION GALLERY,,,,
4/16/2015,143,M-SHED,TEMPORARY EXHIBITION GALLERY,,,,
4/17/2015,130,M-SHED,TEMPORARY EXHIBITION GALLERY,,,,
4/18/2015,227,M-SHED,TEMPORARY EXHIBITION GALLERY,,,,
4/19/2015,234,M-SHED,TEMPORARY EXHIBITION GALLERY,,,,
4/20/2015,0,M-SHED,TEMPORARY EXHIBITION GALLERY,,,,
4/21/2015,124,M-SHED,TEMPORARY EXHIBITION GALLERY,,,,
4/22/2015,115,M-SHED,TEMPORARY EXHIBITION GALLERY,,,,
4/23/2015,125,M-SHED,TEMPORARY EXHIBITION GALLERY,,,,
4/24/2015,119,M-SHED,TEMPORARY EXHIBITION GALLERY,,,,
4/25/2015,332,M-SHED,TEMPORARY EXHIBITION GALLERY,,,,
4/26/2015,263,M-SHED,TEMPORARY EXHIBITION GALLERY,,,,
4/27/2015,0,M-SHED,TEMPORARY EXHIBITION GALLERY,,,,
4/28/2015,95,M-SHED,TEMPORARY EXHIBITION GALLERY,,,,
4/29/2015,187,M-SHED,TEMPORARY EXHIBITION GALLERY,,,,
4/30/2015,66,M-SHED,TEMPORARY EXHIBITION GALLERY,,,,
5/1/2015,75,M-SHED,TEMPORARY EXHIBITION GALLERY,,,,
5/2/2015,385,M-SHED,TEMPORARY EXHIBITION GALLERY,,,,
5/3/2015,377,M-SHED,TEMPORARY EXHIBITION GALLERY,,,,
5/4/2015,333,M-SHED,TEMPORARY EXHIBITION GALLERY,,,,
5/5/2015,107,M-SHED,TEMPORARY EXHIBITION GALLERY,,,,
5/6/2015,135,M-SHED,TEMPORARY EXHIBITION GALLERY,,,,
5/7/2015,86,M-SHED,TEMPORARY EXHIBITION GALLERY,,,,
5/8/2015,101,M-SHED,TEMPORARY EXHIBITION GALLERY,,,,
5/9/2015,297,M-SHED,TEMPORARY EXHIBITION GALLERY,,,,
5/10/2015,308,M-SHED,TEMPORARY EXHIBITION GALLERY,,,,
5/12/2015,102,M-SHED,TEMPORARY EXHIBITION GALLERY,,,,
5/13/2015,112,M-SHED,TEMPORARY EXHIBITION GALLERY,,,,
5/14/2015,117,M-SHED,TEMPORARY EXHIBITION GALLERY,,,,
5/15/2015,124,M-SHED,TEMPORARY EXHIBITION GALLERY,,,,
5/16/2015,261,M-SHED,TEMPORARY EXHIBITION GALLERY,,,,
5/17/2015,275,M-SHED,TEMPORARY EXHIBITION GALLERY,,,,
5/19/2015,208,M-SHED,TEMPORARY EXHIBITION GALLERY,,,,
5/20/2015,118,M-SHED,TEMPORARY EXHIBITION GALLERY,,,,
5/21/2015,117,M-SHED,TEMPORARY EXHIBITION GALLERY,,,,
5/22/2015,102,M-SHED,TEMPORARY EXHIBITION GALLERY,,,,
5/23/2015,298,M-SHED,TEMPORARY EXHIBITION GALLERY,,,,
5/24/2015,389,M-SHED,TEMPORARY EXHIBITION GALLERY,,,,
5/25/2015,346,M-SHED,TEMPORARY EXHIBITION GALLERY,,,,
5/26/2015,232,M-SHED,TEMPORARY EXHIBITION GALLERY,,,,
5/27/2015,222,M-SHED,TEMPORARY EXHIBITION GALLERY,,,,
5/28/2015,254,M-SHED,TEMPORARY EXHIBITION GALLERY,,,,
5/29/2015,230,M-SHED,TEMPORARY EXHIBITION GALLERY,,,,
5/30/2015,295,M-SHED,TEMPORARY EXHIBITION GALLERY,,,,
5/31/2015,312,M-SHED,TEMPORARY EXHIBITION GALLERY,,,,
6/2/2015,93,M-SHED,TEMPORARY EXHIBITION GALLERY,,,,
6/3/2015,81,M-SHED,TEMPORARY EXHIBITION GALLERY,,,,
6/4/2015,117,M-SHED,TEMPORARY EXHIBITION GALLERY,,,,
6/5/2015,119,M-SHED,TEMPORARY EXHIBITION GALLERY,,,,
6/6/2015,243,M-SHED,TEMPORARY EXHIBITION GALLERY,,,,
6/7/2015,199,M-SHED,TEMPORARY EXHIBITION GALLERY,,,,
6/9/2015,216,M-SHED,TEMPORARY EXHIBITION GALLERY,,,,
6/10/2015,156,M-SHED,TEMPORARY EXHIBITION GALLERY,,,,
6/11/2015,215,M-SHED,TEMPORARY EXHIBITION GALLERY,,,,
6/12/2015,77,M-SHED,TEMPORARY EXHIBITION GALLERY,,,,
6/13/2015,311,M-SHED,TEMPORARY EXHIBITION GALLERY,,,,
6/14/2015,209,M-SHED,TEMPORARY EXHIBITION GALLERY,,,,
6/16/2015,156,M-SHED,TEMPORARY EXHIBITION GALLERY,,,,
6/17/2015,102,M-SHED,TEMPORARY EXHIBITION GALLERY,,,,
6/18/2015,99,M-SHED,TEMPORARY EXHIBITION GALLERY,,,,
6/19/2015,188,M-SHED,TEMPORARY EXHIBITION GALLERY,,,,
6/20/2015,341,M-SHED,TEMPORARY EXHIBITION GALLERY,,,,
6/21/2015,201,M-SHED,TEMPORARY EXHIBITION GALLERY,,,,
6/22/2015,0,M-SHED,TEMPORARY EXHIBITION GALLERY,,,,
6/23/2015,0,M-SHED,TEMPORARY EXHIBITION GALLERY,,,,
6/24/2015,0,M-SHED,TEMPORARY EXHIBITION GALLERY,,,,
6/25/2015,0,M-SHED,TEMPORARY EXHIBITION GALLERY,,,,
6/26/2015,0,M-SHED,TEMPORARY EXHIBITION GALLERY,,,,
6/27/2015,0,M-SHED,TEMPORARY EXHIBITION GALLERY,,,,
6/28/2015,0,M-SHED,TEMPORARY EXHIBITION GALLERY,,,,
6/29/2015,0,M-SHED,TEMPORARY EXHIBITION GALLERY,,,,
6/30/2015,0,M-SHED,TEMPORARY EXHIBITION GALLERY,,,,
7/1/2015,0,M-SHED,TEMPORARY EXHIBITION GALLERY,,,,
7/2/2015,0,M-SHED,TEMPORARY EXHIBITION GALLERY,,,,
7/3/2015,0,M-SHED,TEMPORARY EXHIBITION GALLERY,,,,
7/4/2015,0,M-SHED,TEMPORARY EXHIBITION GALLERY,,,,
7/5/2015,0,M-SHED,TEMPORARY EXHIBITION GALLERY,,,,
7/6/2015,0,M-SHED,TEMPORARY EXHIBITION GALLERY,,,,
7/7/2015,0,M-SHED,TEMPORARY EXHIBITION GALLERY,,,,
7/8/2015,0,M-SHED,TEMPORARY EXHIBITION GALLERY,,,,
7/9/2015,0,M-SHED,TEMPORARY EXHIBITION GALLERY,,,,
7/10/2015,0,M-SHED,TEMPORARY EXHIBITION GALLERY,,,,
7/11/2015,0,M-SHED,TEMPORARY EXHIBITION GALLERY,,,,
7/12/2015,0,M-SHED,TEMPORARY EXHIBITION GALLERY,,,,
7/18/2015,14,M-SHED,TEMPORARY EXHIBITION GALLERY,,,,
7/19/2015,21,M-SHED,TEMPORARY EXHIBITION GALLERY,,,,
7/20/2015,0,M-SHED,TEMPORARY EXHIBITION GALLERY,,,,
7/21/2015,29,M-SHED,TEMPORARY EXHIBITION GALLERY,,,,
7/22/2015,22,M-SHED,TEMPORARY EXHIBITION GALLERY,,,,
7/23/2015,50,M-SHED,TEMPORARY EXHIBITION GALLERY,,,,
7/24/2015,65,M-SHED,TEMPORARY EXHIBITION GALLERY,,,,
7/25/2015,54,M-SHED,TEMPORARY EXHIBITION GALLERY,,,,
7/26/2015,95,M-SHED,TEMPORARY EXHIBITION GALLERY,,,,
7/27/2015,59,M-SHED,TEMPORARY EXHIBITION GALLERY,,,,
7/28/2015,54,M-SHED,TEMPORARY EXHIBITION GALLERY,,,,
7/29/2015,116,M-SHED,TEMPORARY EXHIBITION GALLERY,,,,
7/30/2015,66,M-SHED,TEMPORARY EXHIBITION GALLERY,,,,
7/31/2015,33,M-SHED,TEMPORARY EXHIBITION GALLERY,,,,
8/1/2015,78,M-SHED,TEMPORARY EXHIBITION GALLERY,,,,
8/2/2015,29,M-SHED,TEMPORARY EXHIBITION GALLERY,,,,
8/3/2015,30,M-SHED,TEMPORARY EXHIBITION GALLERY,,,,
8/4/2015,36,M-SHED,TEMPORARY EXHIBITION GALLERY,,,,
8/5/2015,443,M-SHED,TEMPORARY EXHIBITION GALLERY,,,,
8/6/2015,49,M-SHED,TEMPORARY EXHIBITION GALLERY,,,,
8/7/2015,57,M-SHED,TEMPORARY EXHIBITION GALLERY,,,,
8/8/2015,42,M-SHED,TEMPORARY EXHIBITION GALLERY,,,,
8/9/2015,71,M-SHED,TEMPORARY EXHIBITION GALLERY,,,,
8/10/2015,75,M-SHED,TEMPORARY EXHIBITION GALLERY,,,,
8/11/2015,33,M-SHED,TEMPORARY EXHIBITION GALLERY,,,,
8/12/2015,34,M-SHED,TEMPORARY EXHIBITION GALLERY,,,,
8/13/2015,78,M-SHED,TEMPORARY EXHIBITION GALLERY,,,,
8/14/2015,73,M-SHED,TEMPORARY EXHIBITION GALLERY,,,,
8/15/2015,105,M-SHED,TEMPORARY EXHIBITION GALLERY,,,,
8/16/2015,44,M-SHED,TEMPORARY EXHIBITION GALLERY,,,,
8/17/2015,37,M-SHED,TEMPORARY EXHIBITION GALLERY,,,,
8/18/2015,78,M-SHED,TEMPORARY EXHIBITION GALLERY,,,,
8/19/2015,87,M-SHED,TEMPORARY EXHIBITION GALLERY,,,,
8/20/2015,54,M-SHED,TEMPORARY EXHIBITION GALLERY,,,,
8/21/2015,84,M-SHED,TEMPORARY EXHIBITION GALLERY,,,,
8/22/2015,58,M-SHED,TEMPORARY EXHIBITION GALLERY,,,,
8/23/2015,123,M-SHED,TEMPORARY EXHIBITION GALLERY,,,,
8/24/2015,103,M-SHED,TEMPORARY EXHIBITION GALLERY,,,,
8/25/2015,79,M-SHED,TEMPORARY EXHIBITION GALLERY,,,,
8/26/2015,66,M-SHED,TEMPORARY EXHIBITION GALLERY,,,,
8/27/2015,81,M-SHED,TEMPORARY EXHIBITION GALLERY,,,,
8/28/2015,38,M-SHED,TEMPORARY EXHIBITION GALLERY,,,,
8/29/2015,76,M-SHED,TEMPORARY EXHIBITION GALLERY,,,,
8/30/2015,106,M-SHED,TEMPORARY EXHIBITION GALLERY,,,,
8/31/2015,142,M-SHED,TEMPORARY EXHIBITION GALLERY,,,,
9/1/2015,69,M-SHED,TEMPORARY EXHIBITION GALLERY,,,,
9/2/2015,255,M-SHED,TEMPORARY EXHIBITION GALLERY,,,,
9/3/2015,29,M-SHED,TEMPORARY EXHIBITION GALLERY,,,,
9/4/2015,17,M-SHED,TEMPORARY EXHIBITION GALLERY,,,,
9/5/2015,65,M-SHED,TEMPORARY EXHIBITION GALLERY,,,,
9/6/2015,46,M-SHED,TEMPORARY EXHIBITION GALLERY,,,,
9/7/2015,0,M-SHED,TEMPORARY EXHIBITION GALLERY,,,,
9/8/2015,22,M-SHED,TEMPORARY EXHIBITION GALLERY,,,,
9/9/2015,17,M-SHED,TEMPORARY EXHIBITION GALLERY,,,,
9/10/2015,17,M-SHED,TEMPORARY EXHIBITION GALLERY,,,,
9/11/2015,26,M-SHED,TEMPORARY EXHIBITION GALLERY,,,,
9/12/2015,99,M-SHED,TEMPORARY EXHIBITION GALLERY,,,,
9/13/2015,50,M-SHED,TEMPORARY EXHIBITION GALLERY,,,,
9/14/2015,0,M-SHED,TEMPORARY EXHIBITION GALLERY,,,,
9/15/2015,26,M-SHED,TEMPORARY EXHIBITION GALLERY,,,,
9/16/2015,25,M-SHED,TEMPORARY EXHIBITION GALLERY,,,,
9/17/2015,16,M-SHED,TEMPORARY EXHIBITION GALLERY,,,,
9/18/2015,19,M-SHED,TEMPORARY EXHIBITION GALLERY,,,,
9/19/2015,61,M-SHED,TEMPORARY EXHIBITION GALLERY,,,,
9/20/2015,73,M-SHED,TEMPORARY EXHIBITION GALLERY,,,,
9/21/2015,0,M-SHED,TEMPORARY EXHIBITION GALLERY,,,,
9/22/2015,46,M-SHED,TEMPORARY EXHIBITION GALLERY,,,,
9/23/2015,19,M-SHED,TEMPORARY EXHIBITION GALLERY,,,,
9/24/2015,18,M-SHED,TEMPORARY EXHIBITION GALLERY,,,,
9/25/2015,25,M-SHED,TEMPORARY EXHIBITION GALLERY,,,,
9/26/2015,76,M-SHED,TEMPORARY EXHIBITION GALLERY,,,,
9/27/2015,46,M-SHED,TEMPORARY EXHIBITION GALLERY,,,,
9/28/2015,0,M-SHED,TEMPORARY EXHIBITION GALLERY,,,,
9/29/2015,16,M-SHED,TEMPORARY EXHIBITION GALLERY,,,,
9/30/2015,58,M-SHED,TEMPORARY EXHIBITION GALLERY,,,,
10/1/2014,13,M-SHED,TEMPORARY EXHIBITION GALLERY,,,,
10/2/2014,16,M-SHED,TEMPORARY EXHIBITION GALLERY,,,,
10/3/2014,91,M-SHED,TEMPORARY EXHIBITION GALLERY,,,,
10/4/2014,49,M-SHED,TEMPORARY EXHIBITION GALLERY,,,,
10/5/2015,0,M-SHED,TEMPORARY EXHIBITION GALLERY,,,,
10/6/2015,27,M-SHED,TEMPORARY EXHIBITION GALLERY,,,,
10/7/2015,278,M-SHED,TEMPORARY EXHIBITION GALLERY,,,,
10/8/2015,78,M-SHED,TEMPORARY EXHIBITION GALLERY,,,,
10/9/2015,29,M-SHED,TEMPORARY EXHIBITION GALLERY,,,,
10/10/2015,139,M-SHED,TEMPORARY EXHIBITION GALLERY,,,,
10/11/2015,62,M-SHED,TEMPORARY EXHIBITION GALLERY,,,,
10/12/2015,0,M-SHED,TEMPORARY EXHIBITION GALLERY,,,,
10/13/2015,34,M-SHED,TEMPORARY EXHIBITION GALLERY,,,,
10/14/2015,56,M-SHED,TEMPORARY EXHIBITION GALLERY,,,,
10/15/2015,70,M-SHED,TEMPORARY EXHIBITION GALLERY,,,,
10/16/2015,24,M-SHED,TEMPORARY EXHIBITION GALLERY,,,,
10/17/2015,111,M-SHED,TEMPORARY EXHIBITION GALLERY,,,,
10/18/2015,103,M-SHED,TEMPORARY EXHIBITION GALLERY,,,,
10/19/2015,0,M-SHED,TEMPORARY EXHIBITION GALLERY,,,,
10/20/2015,69,M-SHED,TEMPORARY EXHIBITION GALLERY,,,,
10/21/2015,51,M-SHED,TEMPORARY EXHIBITION GALLERY,,,,
10/22/2015,52,M-SHED,TEMPORARY EXHIBITION GALLERY,,,,
10/23/2015,196,M-SHED,TEMPORARY EXHIBITION GALLERY,,,,
10/24/2015,234,M-SHED,TEMPORARY EXHIBITION GALLERY,,,,
10/25/2015,72,M-SHED,TEMPORARY EXHIBITION GALLERY,,,,
10/26/2015,73,M-SHED,TEMPORARY EXHIBITION GALLERY,,,,
10/27/2015,145,M-SHED,TEMPORARY EXHIBITION GALLERY,,,,
10/28/2015,576,M-SHED,TEMPORARY EXHIBITION GALLERY,,,,
10/29/2015,149,M-SHED,TEMPORARY EXHIBITION GALLERY,,,,
10/30/2015,135,M-SHED,TEMPORARY EXHIBITION GALLERY,,,,
10/31/2015,123,M-SHED,TEMPORARY EXHIBITION GALLERY,,,,
11/1/2015,133,M-SHED,TEMPORARY EXHIBITION GALLERY,,,,
11/23/2015,0,M-SHED,TEMPORARY EXHIBITION GALLERY,,,,
11/24/2015,0,M-SHED,TEMPORARY EXHIBITION GALLERY,,,,
11/25/2015,0,M-SHED,TEMPORARY EXHIBITION GALLERY,,,,
11/26/2015,0,M-SHED,TEMPORARY EXHIBITION GALLERY,,,,
11/27/2015,0,M-SHED,TEMPORARY EXHIBITION GALLERY,,,,
11/28/2015,347,M-SHED,TEMPORARY EXHIBITION GALLERY,,,,
11/29/2015,380,M-SHED,TEMPORARY EXHIBITION GALLERY,,,,
11/30/2015,0,M-SHED,TEMPORARY EXHIBITION GALLERY,,,,
12/1/2015,95,M-SHED,TEMPORARY EXHIBITION GALLERY,,,,
12/2/2015,58,M-SHED,TEMPORARY EXHIBITION GALLERY,,,,
12/3/2015,98,M-SHED,TEMPORARY EXHIBITION GALLERY,,,,
12/4/2015,59,M-SHED,TEMPORARY EXHIBITION GALLERY,,,,
12/5/2015,273,M-SHED,TEMPORARY EXHIBITION GALLERY,,,,
12/6/2015,285,M-SHED,TEMPORARY EXHIBITION GALLERY,,,,
12/8/2015,95,M-SHED,TEMPORARY EXHIBITION GALLERY,,,,
12/9/2015,330,M-SHED,TEMPORARY EXHIBITION GALLERY,,,,
12/10/2015,50,M-SHED,TEMPORARY EXHIBITION GALLERY,,,,
12/11/2015,69,M-SHED,TEMPORARY EXHIBITION GALLERY,,,,
12/12/2015,265,M-SHED,TEMPORARY EXHIBITION GALLERY,,,,
12/13/2015,282,M-SHED,TEMPORARY EXHIBITION GALLERY,,,,
12/15/2015,64,M-SHED,TEMPORARY EXHIBITION GALLERY,,,,
12/16/2015,57,M-SHED,TEMPORARY EXHIBITION GALLERY,,,,
12/17/2015,88,M-SHED,TEMPORARY EXHIBITION GALLERY,,,,
12/18/2015,76,M-SHED,TEMPORARY EXHIBITION GALLERY,,,,
12/19/2015,212,M-SHED,TEMPORARY EXHIBITION GALLERY,,,,
12/20/2015,175,M-SHED,TEMPORARY EXHIBITION GALLERY,,,,
12/21/2015,162,M-SHED,TEMPORARY EXHIBITION GALLERY,,,,
12/22/2015,185,M-SHED,TEMPORARY EXHIBITION GALLERY,,,,
12/23/2015,123,M-SHED,TEMPORARY EXHIBITION GALLERY,,,,
12/24/2015,135,M-SHED,TEMPORARY EXHIBITION GALLERY,,,,
12/27/2015,545,M-SHED,TEMPORARY EXHIBITION GALLERY,,,,
12/28/2015,501,M-SHED,TEMPORARY EXHIBITION GALLERY,,,,
12/29/2015,436,M-SHED,TEMPORARY EXHIBITION GALLERY,,,,
12/30/2015,513,M-SHED,TEMPORARY EXHIBITION GALLERY,,,,
12/31/2015,349,M-SHED,TEMPORARY EXHIBITION GALLERY,,,,
1/1/2016,400,M-SHED,TEMPORARY EXHIBITION GALLERY,,,,
1/2/2016,738,M-SHED,TEMPORARY EXHIBITION GALLERY,,,,
1/3/2016,501,M-SHED,TEMPORARY EXHIBITION GALLERY,,,,
1/4/2016,0,M-SHED,TEMPORARY EXHIBITION GALLERY,,,,
1/5/2016,88,M-SHED,TEMPORARY EXHIBITION GALLERY,,,,
1/6/2016,352,M-SHED,TEMPORARY EXHIBITION GALLERY,,,,
1/7/2016,120,M-SHED,TEMPORARY EXHIBITION GALLERY,,,,
1/8/2016,134,M-SHED,TEMPORARY EXHIBITION GALLERY,,,,
1/9/2016,730,M-SHED,TEMPORARY EXHIBITION GALLERY,,,,
1/10/2016,634,M-SHED,TEMPORARY EXHIBITION GALLERY,,,,
1/11/2016,0,M-SHED,TEMPORARY EXHIBITION GALLERY,,,,
1/12/2016,85,M-SHED,TEMPORARY EXHIBITION GALLERY,,,,
1/13/2016,120,M-SHED,TEMPORARY EXHIBITION GALLERY,,,,
1/14/2016,74,M-SHED,TEMPORARY EXHIBITION GALLERY,,,,
1/15/2016,150,M-SHED,TEMPORARY EXHIBITION GALLERY,,,,
1/16/2016,635,M-SHED,TEMPORARY EXHIBITION GALLERY,,,,
1/17/2016,639,M-SHED,TEMPORARY EXHIBITION GALLERY,,,,
1/18/2016,0,M-SHED,TEMPORARY EXHIBITION GALLERY,,,,
1/19/2016,143,M-SHED,TEMPORARY EXHIBITION GALLERY,,,,
1/20/2016,118,M-SHED,TEMPORARY EXHIBITION GALLERY,,,,
1/21/2016,112,M-SHED,TEMPORARY EXHIBITION GALLERY,,,,
1/22/2016,116,M-SHED,TEMPORARY EXHIBITION GALLERY,,,,
1/23/2016,692,M-SHED,TEMPORARY EXHIBITION GALLERY,,,,
1/24/2016,529,M-SHED,TEMPORARY EXHIBITION GALLERY,,,,
1/25/2016,0,M-SHED,TEMPORARY EXHIBITION GALLERY,,,,
1/26/2016,108,M-SHED,TEMPORARY EXHIBITION GALLERY,,,,
1/27/2016,107,M-SHED,TEMPORARY EXHIBITION GALLERY,,,,
1/28/2016,97,M-SHED,TEMPORARY EXHIBITION GALLERY,,,,
1/29/2016,156,M-SHED,TEMPORARY EXHIBITION GALLERY,,,,
1/30/2016,675,M-SHED,TEMPORARY EXHIBITION GALLERY,,,,
1/31/2016,711,M-SHED,TEMPORARY EXHIBITION GALLERY,,,,
2/1/2016,0,M-SHED,TEMPORARY EXHIBITION GALLERY,,,,
2/2/2016,99,M-SHED,TEMPORARY EXHIBITION GALLERY,,,,
2/3/2016,560,M-SHED,TEMPORARY EXHIBITION GALLERY,,,,
2/4/2016,120,M-SHED,TEMPORARY EXHIBITION GALLERY,,,,
2/5/2016,122,M-SHED,TEMPORARY EXHIBITION GALLERY,,,,
2/6/2016,759,M-SHED,TEMPORARY EXHIBITION GALLERY,,,,
2/7/2016,661,M-SHED,TEMPORARY EXHIBITION GALLERY,,,,
2/8/2016,114,M-SHED,TEMPORARY EXHIBITION GALLERY,,,,
2/9/2016,193,M-SHED,TEMPORARY EXHIBITION GALLERY,,,,
2/10/2016,206,M-SHED,TEMPORARY EXHIBITION GALLERY,,,,
2/11/2016,189,M-SHED,TEMPORARY EXHIBITION GALLERY,,,,
2/12/2016,233,M-SHED,TEMPORARY EXHIBITION GALLERY,,,,
2/13/2016,751,M-SHED,TEMPORARY EXHIBITION GALLERY,,,,
2/14/2016,686,M-SHED,TEMPORARY EXHIBITION GALLERY,,,,
2/15/2016,0,M-SHED,TEMPORARY EXHIBITION GALLERY,,,,
2/16/2016,319,M-SHED,TEMPORARY EXHIBITION GALLERY,,,,
2/17/2016,314,M-SHED,TEMPORARY EXHIBITION GALLERY,,,,
2/18/2016,287,M-SHED,TEMPORARY EXHIBITION GALLERY,,,,
2/19/2016,310,M-SHED,TEMPORARY EXHIBITION GALLERY,,,,
2/20/2016,978,M-SHED,TEMPORARY EXHIBITION GALLERY,,,,
2/21/2016,632,M-SHED,TEMPORARY EXHIBITION GALLERY,,,,
2/22/2016,0,M-SHED,TEMPORARY EXHIBITION GALLERY,,,,
2/23/2016,112,M-SHED,TEMPORARY EXHIBITION GALLERY,,,,
2/24/2016,98,M-SHED,TEMPORARY EXHIBITION GALLERY,,,,
2/25/2016,114,M-SHED,TEMPORARY EXHIBITION GALLERY,,,,
2/26/2016,173,M-SHED,TEMPORARY EXHIBITION GALLERY,,,,
2/27/2016,624,M-SHED,TEMPORARY EXHIBITION GALLERY,,,,
2/28/2016,526,M-SHED,TEMPORARY EXHIBITION GALLERY,,,,
2/29/2016,0,M-SHED,TEMPORARY EXHIBITION GALLERY,,,,
3/1/2016,138,M-SHED,TEMPORARY EXHIBITION GALLERY,,,,
3/2/2016,121,M-SHED,TEMPORARY EXHIBITION GALLERY,,,,
3/3/2016,93,M-SHED,TEMPORARY EXHIBITION GALLERY,,,,
3/4/2016,126,M-SHED,TEMPORARY EXHIBITION GALLERY,,,,
3/5/2016,561,M-SHED,TEMPORARY EXHIBITION GALLERY,,,,
3/6/2016,604,M-SHED,TEMPORARY EXHIBITION GALLERY,,,,
3/7/2016,0,M-SHED,TEMPORARY EXHIBITION GALLERY,,,,
3/8/2016,82,M-SHED,TEMPORARY EXHIBITION GALLERY,,,,
3/9/2016,105,M-SHED,TEMPORARY EXHIBITION GALLERY,,,,
3/10/2016,94,M-SHED,TEMPORARY EXHIBITION GALLERY,,,,
3/11/2016,123,M-SHED,TEMPORARY EXHIBITION GALLERY,,,,
3/12/2016,523,M-SHED,TEMPORARY EXHIBITION GALLERY,,,,
3/13/2016,363,M-SHED,TEMPORARY EXHIBITION GALLERY,,,,
3/14/2016,0,M-SHED,TEMPORARY EXHIBITION GALLERY,,,,
3/15/2016,117,M-SHED,TEMPORARY EXHIBITION GALLERY,,,,
3/16/2016,102,M-SHED,TEMPORARY EXHIBITION GALLERY,,,,
3/17/2016,87,M-SHED,TEMPORARY EXHIBITION GALLERY,,,,
3/18/2016,121,M-SHED,TEMPORARY EXHIBITION GALLERY,,,,
3/19/2016,523,M-SHED,TEMPORARY EXHIBITION GALLERY,,,,
3/20/2016,389,M-SHED,TEMPORARY EXHIBITION GALLERY,,,,
3/21/2016,0,M-SHED,TEMPORARY EXHIBITION GALLERY,,,,
3/22/2016,115,M-SHED,TEMPORARY EXHIBITION GALLERY,,,,
3/23/2016,103,M-SHED,TEMPORARY EXHIBITION GALLERY,,,,
3/24/2016,173,M-SHED,TEMPORARY EXHIBITION GALLERY,,,,
3/25/2016,276,M-SHED,TEMPORARY EXHIBITION GALLERY,,,,
3/26/2016,651,M-SHED,TEMPORARY EXHIBITION GALLERY,,,,
3/27/2016,533,M-SHED,TEMPORARY EXHIBITION GALLERY,,,,
3/28/2016,581,M-SHED,TEMPORARY EXHIBITION GALLERY,,,,
3/29/2016,209,M-SHED,TEMPORARY EXHIBITION GALLERY,,,,
3/30/2016,205,M-SHED,TEMPORARY EXHIBITION GALLERY,,,,
3/31/2016,185,M-SHED,TEMPORARY EXHIBITION GALLERY,,,,
4/1/2016,200,M-SHED,TEMPORARY EXHIBITION GALLERY,,,,
4/2/2016,501,M-SHED,TEMPORARY EXHIBITION GALLERY,,,,
4/3/2016,446,M-SHED,TEMPORARY EXHIBITION GALLERY,,,,
4/4/2016,214,M-SHED,TEMPORARY EXHIBITION GALLERY,,,,
4/5/2016,202,M-SHED,TEMPORARY EXHIBITION GALLERY,,,,
4/6/2016,191,M-SHED,TEMPORARY EXHIBITION GALLERY,,,,
4/7/2016,323,M-SHED,TEMPORARY EXHIBITION GALLERY,,,,
4/8/2016,322,M-SHED,TEMPORARY EXHIBITION GALLERY,,,,
4/9/2016,662,M-SHED,TEMPORARY EXHIBITION GALLERY,,,,
4/10/2016,604,M-SHED,TEMPORARY EXHIBITION GALLERY,,,,
3/21/2016,381,M-SHED,TEMPORARY EXHIBITION GALLERY,,,,
3/22/2016,387,M-SHED,TEMPORARY EXHIBITION GALLERY,,,,
3/24/2016,151,M-SHED,TEMPORARY EXHIBITION GALLERY,,,,
3/25/2016,165,M-SHED,TEMPORARY EXHIBITION GALLERY,,,,
3/26/2016,154,M-SHED,TEMPORARY EXHIBITION GALLERY,,,,
3/27/2016,152,M-SHED,TEMPORARY EXHIBITION GALLERY,,,,
3/28/2016,555,M-SHED,TEMPORARY EXHIBITION GALLERY,,,,
3/29/2016,355,M-SHED,TEMPORARY EXHIBITION GALLERY,,,,
3/30/2016,147,M-SHED,TEMPORARY EXHIBITION GALLERY,,,,
3/31/2016,132,M-SHED,TEMPORARY EXHIBITION GALLERY,,,,
4/22/2016,199,BMAG,TEMPORARY EXHIBITION GALLERY 1,,,,
4/23/2016,546,BMAG,TEMPORARY EXHIBITION GALLERY 1,,,,
4/24/2016,348,BMAG,TEMPORARY EXHIBITION GALLERY 1,,,,
4/25/2016,187,BMAG,TEMPORARY EXHIBITION GALLERY 1,,,,
4/26/2016,170,BMAG,TEMPORARY EXHIBITION GALLERY 1,,,,
4/27/2016,168,BMAG,TEMPORARY EXHIBITION GALLERY 1,,,,
4/28/2016,262,BMAG,TEMPORARY EXHIBITION GALLERY 1,,,,
4/29/2016,183,BMAG,TEMPORARY EXHIBITION GALLERY 1,,,,
4/30/2016,454,BMAG,TEMPORARY EXHIBITION GALLERY 1,,,,
5/1/2016,452,BMAG,TEMPORARY EXHIBITION GALLERY 1,,,,
5/2/2016,575,BMAG,TEMPORARY EXHIBITION GALLERY 1,,,,
5/3/2016,123,BMAG,TEMPORARY EXHIBITION GALLERY 1,,,,
5/4/2016,111,BMAG,TEMPORARY EXHIBITION GALLERY 1,,,,
5/5/2016,84,BMAG,TEMPORARY EXHIBITION GALLERY 1,,,,
5/6/2016,121,BMAG,TEMPORARY EXHIBITION GALLERY 1,,,,
5/7/2016,241,BMAG,TEMPORARY EXHIBITION GALLERY 1,,,,
5/8/2016,130,BMAG,TEMPORARY EXHIBITION GALLERY 1,,,,
5/9/2016,206,BMAG,TEMPORARY EXHIBITION GALLERY 1,,,,
5/10/2016,179,BMAG,TEMPORARY EXHIBITION GALLERY 1,,,,
5/11/2016,166,BMAG,TEMPORARY EXHIBITION GALLERY 1,,,,
5/12/2016,111,BMAG,TEMPORARY EXHIBITION GALLERY 1,,,,
5/13/2016,122,BMAG,TEMPORARY EXHIBITION GALLERY 1,,,,
5/14/2016,102,BMAG,TEMPORARY EXHIBITION GALLERY 1,,,,
5/15/2016,125,BMAG,TEMPORARY EXHIBITION GALLERY 1,,,,
5/16/2016,134,BMAG,TEMPORARY EXHIBITION GALLERY 1,,,,
5/17/2016,110,BMAG,TEMPORARY EXHIBITION GALLERY 1,,,,
5/18/2016,123,BMAG,TEMPORARY EXHIBITION GALLERY 1,,,,
5/19/2016,186,BMAG,TEMPORARY EXHIBITION GALLERY 1,,,,
5/20/2016,142,BMAG,TEMPORARY EXHIBITION GALLERY 1,,,,
5/21/2016,593,BMAG,TEMPORARY EXHIBITION GALLERY 1,,,,
5/22/2016,323,BMAG,TEMPORARY EXHIBITION GALLERY 1,,,,
5/23/2016,130,BMAG,TEMPORARY EXHIBITION GALLERY 1,,,,
5/24/2016,114,BMAG,TEMPORARY EXHIBITION GALLERY 1,,,,
5/25/2016,194,BMAG,TEMPORARY EXHIBITION GALLERY 1,,,,
5/26/2016,106,BMAG,TEMPORARY EXHIBITION GALLERY 1,,,,
5/27/2016,136,BMAG,TEMPORARY EXHIBITION GALLERY 1,,,,
5/28/2016,305,BMAG,TEMPORARY EXHIBITION GALLERY 1,,,,
5/29/2016,216,BMAG,TEMPORARY EXHIBITION GALLERY 1,,,,
5/30/2016,248,BMAG,TEMPORARY EXHIBITION GALLERY 1,,,,
5/31/2016,225,BMAG,TEMPORARY EXHIBITION GALLERY 1,,,,
6/1/2016,341,BMAG,TEMPORARY EXHIBITION GALLERY 1,,,,
6/2/2016,314,BMAG,TEMPORARY EXHIBITION GALLERY 1,,,,
6/3/2016,275,BMAG,TEMPORARY EXHIBITION GALLERY 1,,,,
6/4/2016,342,BMAG,TEMPORARY EXHIBITION GALLERY 1,,,,
6/5/2016,161,BMAG,TEMPORARY EXHIBITION GALLERY 1,,,,
6/6/2016,106,BMAG,TEMPORARY EXHIBITION GALLERY 1,,,,
6/7/2016,104,BMAG,TEMPORARY EXHIBITION GALLERY 1,,,,
6/8/2016,150,BMAG,TEMPORARY EXHIBITION GALLERY 1,,,,
6/9/2016,92,BMAG,TEMPORARY EXHIBITION GALLERY 1,,,,
6/10/2016,123,BMAG,TEMPORARY EXHIBITION GALLERY 1,,,,
6/11/2016,352,BMAG,TEMPORARY EXHIBITION GALLERY 1,,,,
6/12/2016,278,BMAG,TEMPORARY EXHIBITION GALLERY 1,,,,
6/13/2016,159,BMAG,TEMPORARY EXHIBITION GALLERY 1,,,,
6/14/2016,204,BMAG,TEMPORARY EXHIBITION GALLERY 1,,,,
6/15/2016,176,BMAG,TEMPORARY EXHIBITION GALLERY 1,,,,
6/16/2016,100,BMAG,TEMPORARY EXHIBITION GALLERY 1,,,,
6/17/2016,204,BMAG,TEMPORARY EXHIBITION GALLERY 1,,,,
6/18/2016,248,BMAG,TEMPORARY EXHIBITION GALLERY 1,,,,
6/19/2016,319,BMAG,TEMPORARY EXHIBITION GALLERY 1,,,,
6/20/2016,121,BMAG,TEMPORARY EXHIBITION GALLERY 1,,,,
6/21/2016,121,BMAG,TEMPORARY EXHIBITION GALLERY 1,,,,
6/22/2016,238,BMAG,TEMPORARY EXHIBITION GALLERY 1,,,,
6/23/2016,209,BMAG,TEMPORARY EXHIBITION GALLERY 1,,,,
6/24/2016,178,BMAG,TEMPORARY EXHIBITION GALLERY 1,,,,
6/25/2016,388,BMAG,TEMPORARY EXHIBITION GALLERY 1,,,,
6/26/2016,320,BMAG,TEMPORARY EXHIBITION GALLERY 1,,,,
6/27/2016,176,BMAG,TEMPORARY EXHIBITION GALLERY 1,,,,
6/28/2016,204,BMAG,TEMPORARY EXHIBITION GALLERY 1,,,,
6/29/2016,387,BMAG,TEMPORARY EXHIBITION GALLERY 1,,,,
6/30/2016,126,BMAG,TEMPORARY EXHIBITION GALLERY 1,,,,
7/1/2016,244,BMAG,TEMPORARY EXHIBITION GALLERY 1,,,,
7/2/2016,329,BMAG,TEMPORARY EXHIBITION GALLERY 1,,,,
7/3/2016,168,BMAG,TEMPORARY EXHIBITION GALLERY 1,,,,
7/4/2016,148,BMAG,TEMPORARY EXHIBITION GALLERY 1,,,,
7/5/2016,228,BMAG,TEMPORARY EXHIBITION GALLERY 1,,,,
7/6/2016,131,BMAG,TEMPORARY EXHIBITION GALLERY 1,,,,
7/7/2016,230,BMAG,TEMPORARY EXHIBITION GALLERY 1,,,,
7/8/2016,170,BMAG,TEMPORARY EXHIBITION GALLERY 1,,,,
7/9/2016,273,BMAG,TEMPORARY EXHIBITION GALLERY 1,,,,
7/10/2016,318,BMAG,TEMPORARY EXHIBITION GALLERY 1,,,,
7/11/2016,233,BMAG,TEMPORARY EXHIBITION GALLERY 1,,,,
7/12/2016,207,BMAG,TEMPORARY EXHIBITION GALLERY 1,,,,
7/13/2016,230,BMAG,TEMPORARY EXHIBITION GALLERY 1,,,,
7/14/2016,172,BMAG,TEMPORARY EXHIBITION GALLERY 1,,,,
7/15/2016,194,BMAG,TEMPORARY EXHIBITION GALLERY 1,,,,
7/16/2016,278,BMAG,TEMPORARY EXHIBITION GALLERY 1,,,,
7/17/2016,287,BMAG,TEMPORARY EXHIBITION GALLERY 1,,,,
5/21/2016,1385,BMAG,GALLERY 3,,,,
5/22/2016,657,BMAG,GALLERY 3,,,,
5/23/2016,113,BMAG,GALLERY 3,,,,
5/24/2016,180,BMAG,GALLERY 3,,,,
5/25/2016,317,BMAG,GALLERY 3,,,,
5/26/2016,271,BMAG,GALLERY 3,,,,
5/27/2016,223,BMAG,GALLERY 3,,,,
5/28/2016,883,BMAG,GALLERY 3,,,,
5/29/2016,235,BMAG,GALLERY 3,,,,
5/30/2016,298,BMAG,GALLERY 3,,,,
5/31/2016,395,BMAG,GALLERY 3,,,,
6/1/2016,666,BMAG,GALLERY 3,,,,
6/2/2016,244,BMAG,GALLERY 3,,,,
6/3/2016,264,BMAG,GALLERY 3,,,,
6/4/2016,430,BMAG,GALLERY 3,,,,
6/5/2016,191,BMAG,GALLERY 3,,,,
6/6/2016,159,BMAG,GALLERY 3,,,,
6/7/2016,255,BMAG,GALLERY 3,,,,
6/8/2016,334,BMAG,GALLERY 3,,,,
6/9/2016,309,BMAG,GALLERY 3,,,,
6/10/2016,255,BMAG,GALLERY 3,,,,
6/11/2016,484,BMAG,GALLERY 3,,,,
6/12/2016,396,BMAG,GALLERY 3,,,,
6/13/2016,226,BMAG,GALLERY 3,,,,
6/14/2016,328,BMAG,GALLERY 3,,,,
6/15/2016,427,BMAG,GALLERY 3,,,,
6/16/2016,171,BMAG,GALLERY 3,,,,
6/17/2016,285,BMAG,GALLERY 3,,,,
6/18/2016,551,BMAG,GALLERY 3,,,,
6/19/2016,338,BMAG,GALLERY 3,,,,
6/20/2016,265,BMAG,GALLERY 3,,,,
6/21/2016,338,BMAG,GALLERY 3,,,,
6/22/2016,300,BMAG,GALLERY 3,,,,
6/23/2016,258,BMAG,GALLERY 3,,,,
6/24/2016,218,BMAG,GALLERY 3,,,,
6/25/2016,425,BMAG,GALLERY 3,,,,
6/26/2016,398,BMAG,GALLERY 3,,,,
6/27/2016,214,BMAG,GALLERY 3,,,,
6/28/2016,302,BMAG,GALLERY 3,,,,
6/29/2016,377,BMAG,GALLERY 3,,,,
6/30/2016,202,BMAG,GALLERY 3,,,,
7/1/2016,319,BMAG,GALLERY 3,,,,
7/2/2016,436,BMAG,GALLERY 3,,,,
7/3/2016,324,BMAG,GALLERY 3,,,,
7/4/2016,204,BMAG,GALLERY 3,,,,
7/5/2016,333,BMAG,GALLERY 3,,,,
7/6/2016,208,BMAG,GALLERY 3,,,,
7/7/2016,334,BMAG,GALLERY 3,,,,
7/8/2016,325,BMAG,GALLERY 3,,,,
7/9/2016,491,BMAG,GALLERY 3,,,,
7/10/2016,374,BMAG,GALLERY 3,,,,
7/11/2016,358,BMAG,GALLERY 3,,,,
7/12/2016,482,BMAG,GALLERY 3,,,,
7/13/2016,318,BMAG,GALLERY 3,,,,
7/14/2016,342,BMAG,GALLERY 3,,,,
7/15/2016,280,BMAG,GALLERY 3,,,,
7/16/2016,378,BMAG,GALLERY 3,,,,
7/17/2016,387,BMAG,GALLERY 3,,,,
10/22/2016,167,BMAG,TEMPORARY EXHIBITION GALLERY 1,,,,
10/23/2016,117,BMAG,TEMPORARY EXHIBITION GALLERY 1,,,,
10/24/2016,136,BMAG,TEMPORARY EXHIBITION GALLERY 1,,,,
10/25/2016,140,BMAG,TEMPORARY EXHIBITION GALLERY 1,,,,
10/26/2016,146,BMAG,TEMPORARY EXHIBITION GALLERY 1,,,,
10/27/2016,120,BMAG,TEMPORARY EXHIBITION GALLERY 1,,,,
10/28/2016,100,BMAG,TEMPORARY EXHIBITION GALLERY 1,,,,
10/29/2016,141,BMAG,TEMPORARY EXHIBITION GALLERY 1,,,,
10/30/2016,101,BMAG,TEMPORARY EXHIBITION GALLERY 1,,,,
11/1/2016,48,BMAG,TEMPORARY EXHIBITION GALLERY 1,,,,
11/2/2016,55,BMAG,TEMPORARY EXHIBITION GALLERY 1,,,,
11/3/2016,48,BMAG,TEMPORARY EXHIBITION GALLERY 1,,,,
11/4/2016,66,BMAG,TEMPORARY EXHIBITION GALLERY 1,,,,
11/5/2016,168,BMAG,TEMPORARY EXHIBITION GALLERY 1,,,,
11/6/2016,108,BMAG,TEMPORARY EXHIBITION GALLERY 1,,,,
11/7/2016,34,BMAG,TEMPORARY EXHIBITION GALLERY 1,,,,
11/8/2016,54,BMAG,TEMPORARY EXHIBITION GALLERY 1,,,,
11/9/2016,47,BMAG,TEMPORARY EXHIBITION GALLERY 1,,,,
11/10/2016,54,BMAG,TEMPORARY EXHIBITION GALLERY 1,,,,
11/11/2016,0,BMAG,TEMPORARY EXHIBITION GALLERY 1,,,,
11/12/2016,0,BMAG,TEMPORARY EXHIBITION GALLERY 1,,,,
11/13/2016,102,BMAG,TEMPORARY EXHIBITION GALLERY 1,,,,
11/14/2016,55,BMAG,TEMPORARY EXHIBITION GALLERY 1,,,,
11/15/2016,85,BMAG,TEMPORARY EXHIBITION GALLERY 1,,,,
11/16/2016,106,BMAG,TEMPORARY EXHIBITION GALLERY 1,,,,
11/17/2016,45,BMAG,TEMPORARY EXHIBITION GALLERY 1,,,,
11/18/2016,106,BMAG,TEMPORARY EXHIBITION GALLERY 1,,,,
11/19/2016,237,BMAG,TEMPORARY EXHIBITION GALLERY 1,,,,
11/20/2016,133,BMAG,TEMPORARY EXHIBITION GALLERY 1,,,,
11/21/2016,53,BMAG,TEMPORARY EXHIBITION GALLERY 1,,,,
11/22/2016,101,BMAG,TEMPORARY EXHIBITION GALLERY 1,,,,
11/23/2016,60,BMAG,TEMPORARY EXHIBITION GALLERY 1,,,,
11/24/2016,55,BMAG,TEMPORARY EXHIBITION GALLERY 1,,,,
11/25/2016,137,BMAG,TEMPORARY EXHIBITION GALLERY 1,,,,
11/26/2016,155,BMAG,TEMPORARY EXHIBITION GALLERY 1,,,,
11/27/2016,117,BMAG,TEMPORARY EXHIBITION GALLERY 1,,,,
11/28/2016,45,BMAG,TEMPORARY EXHIBITION GALLERY 1,,,,
11/29/2016,38,BMAG,TEMPORARY EXHIBITION GALLERY 1,,,,
11/30/2016,53,BMAG,TEMPORARY EXHIBITION GALLERY 1,,,,
12/1/2016,40,BMAG,TEMPORARY EXHIBITION GALLERY 1,,,,
12/2/2016,36,BMAG,TEMPORARY EXHIBITION GALLERY 1,,,,
12/3/2016,102,BMAG,TEMPORARY EXHIBITION GALLERY 1,,,,
12/4/2016,101,BMAG,TEMPORARY EXHIBITION GALLERY 1,,,,
12/5/2016,33,BMAG,TEMPORARY EXHIBITION GALLERY 1,,,,
12/6/2016,42,BMAG,TEMPORARY EXHIBITION GALLERY 1,,,,
12/7/2016,43,BMAG,TEMPORARY EXHIBITION GALLERY 1,,,,
12/8/2016,33,BMAG,TEMPORARY EXHIBITION GALLERY 1,,,,
12/9/2016,38,BMAG,TEMPORARY EXHIBITION GALLERY 1,,,,
12/10/2016,98,BMAG,TEMPORARY EXHIBITION GALLERY 1,,,,
12/11/2016,80,BMAG,TEMPORARY EXHIBITION GALLERY 1,,,,
12/12/2016,31,BMAG,TEMPORARY EXHIBITION GALLERY 1,,,,
12/13/2016,54,BMAG,TEMPORARY EXHIBITION GALLERY 1,,,,
12/14/2016,45,BMAG,TEMPORARY EXHIBITION GALLERY 1,,,,
12/15/2016,49,BMAG,TEMPORARY EXHIBITION GALLERY 1,,,,
12/16/2016,47,BMAG,TEMPORARY EXHIBITION GALLERY 1,,,,
12/17/2016,61,BMAG,TEMPORARY EXHIBITION GALLERY 1,,,,
12/18/2016,56,BMAG,TEMPORARY EXHIBITION GALLERY 1,,,,
12/19/2016,91,BMAG,TEMPORARY EXHIBITION GALLERY 1,,,,
12/20/2016,110,BMAG,TEMPORARY EXHIBITION GALLERY 1,,,,
12/21/2016,77,BMAG,TEMPORARY EXHIBITION GALLERY 1,,,,
12/22/2016,70,BMAG,TEMPORARY EXHIBITION GALLERY 1,,,,
12/23/2016,53,BMAG,TEMPORARY EXHIBITION GALLERY 1,,,,
12/24/2016,41,BMAG,TEMPORARY EXHIBITION GALLERY 1,,,,
12/25/2016,0,BMAG,TEMPORARY EXHIBITION GALLERY 1,,,,
12/26/2016,0,BMAG,TEMPORARY EXHIBITION GALLERY 1,,,,
12/27/2016,128,BMAG,TEMPORARY EXHIBITION GALLERY 1,,,,
12/28/2016,118,BMAG,TEMPORARY EXHIBITION GALLERY 1,,,,
12/29/2016,183,BMAG,TEMPORARY EXHIBITION GALLERY 1,,,,
12/30/2016,231,BMAG,TEMPORARY EXHIBITION GALLERY 1,,,,
12/31/2016,126,BMAG,TEMPORARY EXHIBITION GALLERY 1,,,,
1/1/2017,96,BMAG,TEMPORARY EXHIBITION GALLERY 1,,,,
1/2/2017,109,BMAG,TEMPORARY EXHIBITION GALLERY 1,,,,
1/3/2017,72,BMAG,TEMPORARY EXHIBITION GALLERY 1,,,,
1/4/2017,50,BMAG,TEMPORARY EXHIBITION GALLERY 1,,,,
1/5/2017,57,BMAG,TEMPORARY EXHIBITION GALLERY 1,,,,
1/6/2017,45,BMAG,TEMPORARY EXHIBITION GALLERY 1,,,,
1/7/2017,198,BMAG,TEMPORARY EXHIBITION GALLERY 1,,,,
1/8/2017,178,BMAG,TEMPORARY EXHIBITION GALLERY 1,,,,
1/9/2017,0,BMAG,TEMPORARY EXHIBITION GALLERY 1,,,,
1/10/2017,58,BMAG,TEMPORARY EXHIBITION GALLERY 1,,,,
1/11/2017,37,BMAG,TEMPORARY EXHIBITION GALLERY 1,,,,
1/12/2017,34,BMAG,TEMPORARY EXHIBITION GALLERY 1,,,,
1/13/2017,64,BMAG,TEMPORARY EXHIBITION GALLERY 1,,,,
1/14/2017,947,BMAG,TEMPORARY EXHIBITION GALLERY 1,,,,
1/15/2017,165,BMAG,TEMPORARY EXHIBITION GALLERY 1,,,,
1/16/2017,0,BMAG,TEMPORARY EXHIBITION GALLERY 1,,,,
1/17/2017,65,BMAG,TEMPORARY EXHIBITION GALLERY 1,,,,
1/18/2017,50,BMAG,TEMPORARY EXHIBITION GALLERY 1,,,,
1/19/2017,35,BMAG,TEMPORARY EXHIBITION GALLERY 1,,,,
1/20/2017,31,BMAG,TEMPORARY EXHIBITION GALLERY 1,,,,
1/21/2017,174,BMAG,TEMPORARY EXHIBITION GALLERY 1,,,,
1/22/2017,130,BMAG,TEMPORARY EXHIBITION GALLERY 1,,,,
1/23/2017,0,BMAG,TEMPORARY EXHIBITION GALLERY 1,,,,
1/24/2017,52,BMAG,TEMPORARY EXHIBITION GALLERY 1,,,,
1/25/2017,65,BMAG,TEMPORARY EXHIBITION GALLERY 1,,,,
1/26/2017,50,BMAG,TEMPORARY EXHIBITION GALLERY 1,,,,
1/27/2017,68,BMAG,TEMPORARY EXHIBITION GALLERY 1,,,,
1/28/2017,217,BMAG,TEMPORARY EXHIBITION GALLERY 1,,,,
1/29/2017,229,BMAG,TEMPORARY EXHIBITION GALLERY 1,,,,
1/30/2017,0,BMAG,TEMPORARY EXHIBITION GALLERY 1,,,,
1/31/2017,67,BMAG,TEMPORARY EXHIBITION GALLERY 1,,,,
2/1/2017,72,BMAG,TEMPORARY EXHIBITION GALLERY 1,,,,
2/2/2017,49,BMAG,TEMPORARY EXHIBITION GALLERY 1,,,,
2/3/2017,84,BMAG,TEMPORARY EXHIBITION GALLERY 1,,,,
2/4/2017,825,BMAG,TEMPORARY EXHIBITION GALLERY 1,,,,
2/5/2017,1121,BMAG,TEMPORARY EXHIBITION GALLERY 1,,,,
2/6/2017,0,BMAG,TEMPORARY EXHIBITION GALLERY 1,,,,
2/7/2017,43,BMAG,TEMPORARY EXHIBITION GALLERY 1,,,,
2/8/2017,61,BMAG,TEMPORARY EXHIBITION GALLERY 1,,,,
2/9/2017,62,BMAG,TEMPORARY EXHIBITION GALLERY 1,,,,
2/10/2017,93,BMAG,TEMPORARY EXHIBITION GALLERY 1,,,,
2/11/2017,386,BMAG,TEMPORARY EXHIBITION GALLERY 1,,,,
2/12/2017,301,BMAG,TEMPORARY EXHIBITION GALLERY 1,,,,
2/13/2017,0,BMAG,TEMPORARY EXHIBITION GALLERY 1,,,,
2/14/2017,163,BMAG,TEMPORARY EXHIBITION GALLERY 1,,,,
2/15/2017,201,BMAG,TEMPORARY EXHIBITION GALLERY 1,,,,
2/16/2017,207,BMAG,TEMPORARY EXHIBITION GALLERY 1,,,,
2/17/2017,173,BMAG,TEMPORARY EXHIBITION GALLERY 1,,,,
2/18/2017,176,BMAG,TEMPORARY EXHIBITION GALLERY 1,,,,
2/19/2017,145,BMAG,TEMPORARY EXHIBITION GALLERY 1,,,,
2/21/2017,176,BMAG,TEMPORARY EXHIBITION GALLERY 1,,,,
2/22/2017,120,BMAG,TEMPORARY EXHIBITION GALLERY 1,,,,
2/23/2017,75,BMAG,TEMPORARY EXHIBITION GALLERY 1,,,,
2/24/2017,112,BMAG,TEMPORARY EXHIBITION GALLERY 1,,,,
2/25/2017,246,BMAG,TEMPORARY EXHIBITION GALLERY 1,,,,
2/26/2017,199,BMAG,TEMPORARY EXHIBITION GALLERY 1,,,,
2/28/2017,91,BMAG,TEMPORARY EXHIBITION GALLERY 1,,,,
3/1/2017,69,BMAG,TEMPORARY EXHIBITION GALLERY 1,,,,
3/2/2017,61,BMAG,TEMPORARY EXHIBITION GALLERY 1,,,,
3/3/2017,84,BMAG,TEMPORARY EXHIBITION GALLERY 1,,,,
3/4/2017,191,BMAG,TEMPORARY EXHIBITION GALLERY 1,,,,
3/5/2017,199,BMAG,TEMPORARY EXHIBITION GALLERY 1,,,,
3/7/2017,62,BMAG,TEMPORARY EXHIBITION GALLERY 1,,,,
3/8/2017,89,BMAG,TEMPORARY EXHIBITION GALLERY 1,,,,
3/9/2017,61,BMAG,TEMPORARY EXHIBITION GALLERY 1,,,,
3/10/2017,74,BMAG,TEMPORARY EXHIBITION GALLERY 1,,,,
3/11/2017,146,BMAG,TEMPORARY EXHIBITION GALLERY 1,,,,
3/12/2017,168,BMAG,TEMPORARY EXHIBITION GALLERY 1,,,,
3/13/2017,0,BMAG,TEMPORARY EXHIBITION GALLERY 1,,,,
3/14/2017,104,BMAG,TEMPORARY EXHIBITION GALLERY 1,,,,
3/15/2017,83,BMAG,TEMPORARY EXHIBITION GALLERY 1,,,,
3/16/2017,86,BMAG,TEMPORARY EXHIBITION GALLERY 1,,,,
3/17/2017,73,BMAG,TEMPORARY EXHIBITION GALLERY 1,,,,
3/18/2017,182,BMAG,TEMPORARY EXHIBITION GALLERY 1,,,,
3/19/2017,149,BMAG,TEMPORARY EXHIBITION GALLERY 1,,,,
3/20/2017,0,BMAG,TEMPORARY EXHIBITION GALLERY 1,,,,
3/21/2017,67,BMAG,TEMPORARY EXHIBITION GALLERY 1,,,,
3/22/2017,78,BMAG,TEMPORARY EXHIBITION GALLERY 1,,,,
3/23/2017,81,BMAG,TEMPORARY EXHIBITION GALLERY 1,,,,
3/24/2017,86,BMAG,TEMPORARY EXHIBITION GALLERY 1,,,,
3/25/2017,208,BMAG,TEMPORARY EXHIBITION GALLERY 1,,,,
3/26/2017,117,BMAG,TEMPORARY EXHIBITION GALLERY 1,,,,
3/27/2017,0,BMAG,TEMPORARY EXHIBITION GALLERY 1,,,,
3/28/2017,55,BMAG,TEMPORARY EXHIBITION GALLERY 1,,,,
3/29/2017,107,BMAG,TEMPORARY EXHIBITION GALLERY 1,,,,
3/30/2017,76,BMAG,TEMPORARY EXHIBITION GALLERY 1,,,,
3/31/2017,90,BMAG,TEMPORARY EXHIBITION GALLERY 1,,,,
4/1/2017,146,BMAG,TEMPORARY EXHIBITION GALLERY 1,,,,
4/2/2017,65,BMAG,TEMPORARY EXHIBITION GALLERY 1,,,,
4/3/2017,0,BMAG,TEMPORARY EXHIBITION GALLERY 1,,,,
4/4/2017,76,BMAG,TEMPORARY EXHIBITION GALLERY 1,,,,
4/5/2017,114,BMAG,TEMPORARY EXHIBITION GALLERY 1,,,,
4/6/2017,103,BMAG,TEMPORARY EXHIBITION GALLERY 1,,,,
4/7/2017,44,BMAG,TEMPORARY EXHIBITION GALLERY 1,,,,
4/8/2017,78,BMAG,TEMPORARY EXHIBITION GALLERY 1,,,,
4/9/2017,51,BMAG,TEMPORARY EXHIBITION GALLERY 1,,,,
4/10/2017,91,BMAG,TEMPORARY EXHIBITION GALLERY 1,,,,
4/11/2017,113,BMAG,TEMPORARY EXHIBITION GALLERY 1,,,,
4/12/2017,127,BMAG,TEMPORARY EXHIBITION GALLERY 1,,,,
4/13/2017,96,BMAG,TEMPORARY EXHIBITION GALLERY 1,,,,
4/14/2017,140,BMAG,TEMPORARY EXHIBITION GALLERY 1,,,,
4/15/2017,141,BMAG,TEMPORARY EXHIBITION GALLERY 1,,,,
4/16/2017,121,BMAG,TEMPORARY EXHIBITION GALLERY 1,,,,
4/17/2017,124,BMAG,TEMPORARY EXHIBITION GALLERY 1,,,,
4/18/2017,131,BMAG,TEMPORARY EXHIBITION GALLERY 1,,,,
4/19/2017,138,BMAG,TEMPORARY EXHIBITION GALLERY 1,,,,
4/20/2017,104,BMAG,TEMPORARY EXHIBITION GALLERY 1,,,,
4/21/2017,153,BMAG,TEMPORARY EXHIBITION GALLERY 1,,,,
4/22/2017,140,BMAG,TEMPORARY EXHIBITION GALLERY 1,,,,
4/23/2017,121,BMAG,TEMPORARY EXHIBITION GALLERY 1,,,,
5/16/2015,90,BMAG,TEMPORARY EXHIBITION GALLERY 1,,,,
5/17/2015,87,BMAG,TEMPORARY EXHIBITION GALLERY 1,,,,
5/18/2015,65,BMAG,TEMPORARY EXHIBITION GALLERY 1,,,,
5/19/2015,79,BMAG,TEMPORARY EXHIBITION GALLERY 1,,,,
5/20/2015,56,BMAG,TEMPORARY EXHIBITION GALLERY 1,,,,
5/21/2015,63,BMAG,TEMPORARY EXHIBITION GALLERY 1,,,,
5/22/2015,77,BMAG,TEMPORARY EXHIBITION GALLERY 1,,,,
5/23/2015,108,BMAG,TEMPORARY EXHIBITION GALLERY 1,,,,
5/24/2015,137,BMAG,TEMPORARY EXHIBITION GALLERY 1,,,,
5/25/2015,136,BMAG,TEMPORARY EXHIBITION GALLERY 1,,,,
5/26/2015,63,BMAG,TEMPORARY EXHIBITION GALLERY 1,,,,
5/27/2015,45,BMAG,TEMPORARY EXHIBITION GALLERY 1,,,,
5/28/2015,92,BMAG,TEMPORARY EXHIBITION GALLERY 1,,,,
5/29/2015,78,BMAG,TEMPORARY EXHIBITION GALLERY 1,,,,
5/30/2015,126,BMAG,TEMPORARY EXHIBITION GALLERY 1,,,,
5/31/2015,101,BMAG,TEMPORARY EXHIBITION GALLERY 1,,,,
6/1/2015,63,BMAG,TEMPORARY EXHIBITION GALLERY 1,,,,
6/2/2015,92,BMAG,TEMPORARY EXHIBITION GALLERY 1,,,,
6/3/2015,57,BMAG,TEMPORARY EXHIBITION GALLERY 1,,,,
6/4/2015,41,BMAG,TEMPORARY EXHIBITION GALLERY 1,,,,
6/5/2015,69,BMAG,TEMPORARY EXHIBITION GALLERY 1,,,,
6/6/2015,95,BMAG,TEMPORARY EXHIBITION GALLERY 1,,,,
6/7/2015,83,BMAG,TEMPORARY EXHIBITION GALLERY 1,,,,
6/8/2015,55,BMAG,TEMPORARY EXHIBITION GALLERY 1,,,,
6/9/2015,57,BMAG,TEMPORARY EXHIBITION GALLERY 1,,,,
6/10/2015,87,BMAG,TEMPORARY EXHIBITION GALLERY 1,,,,
6/11/2015,59,BMAG,TEMPORARY EXHIBITION GALLERY 1,,,,
6/12/2015,278,BMAG,TEMPORARY EXHIBITION GALLERY 1,,,,
6/13/2015,157,BMAG,TEMPORARY EXHIBITION GALLERY 1,,,,
6/14/2015,113,BMAG,TEMPORARY EXHIBITION GALLERY 1,,,,
6/15/2015,43,BMAG,TEMPORARY EXHIBITION GALLERY 1,,,,
6/16/2015,47,BMAG,TEMPORARY EXHIBITION GALLERY 1,,,,
6/17/2015,76,BMAG,TEMPORARY EXHIBITION GALLERY 1,,,,
6/18/2015,43,BMAG,TEMPORARY EXHIBITION GALLERY 1,,,,
6/19/2015,56,BMAG,TEMPORARY EXHIBITION GALLERY 1,,,,
6/20/2015,123,BMAG,TEMPORARY EXHIBITION GALLERY 1,,,,
6/21/2015,66,BMAG,TEMPORARY EXHIBITION GALLERY 1,,,,
6/22/2015,68,BMAG,TEMPORARY EXHIBITION GALLERY 1,,,,
6/23/2015,84,BMAG,TEMPORARY EXHIBITION GALLERY 1,,,,
6/24/2015,52,BMAG,TEMPORARY EXHIBITION GALLERY 1,,,,
6/25/2015,71,BMAG,TEMPORARY EXHIBITION GALLERY 1,,,,
6/26/2015,67,BMAG,TEMPORARY EXHIBITION GALLERY 1,,,,
6/27/2015,89,BMAG,TEMPORARY EXHIBITION GALLERY 1,,,,
6/28/2015,137,BMAG,TEMPORARY EXHIBITION GALLERY 1,,,,
6/29/2015,49,BMAG,TEMPORARY EXHIBITION GALLERY 1,,,,
6/30/2015,53,BMAG,TEMPORARY EXHIBITION GALLERY 1,,,,
7/1/2015,42,BMAG,TEMPORARY EXHIBITION GALLERY 1,,,,
7/2/2015,43,BMAG,TEMPORARY EXHIBITION GALLERY 1,,,,
7/3/2015,47,BMAG,TEMPORARY EXHIBITION GALLERY 1,,,,
7/4/2015,80,BMAG,TEMPORARY EXHIBITION GALLERY 1,,,,
7/5/2015,81,BMAG,TEMPORARY EXHIBITION GALLERY 1,,,,
7/6/2015,81,BMAG,TEMPORARY EXHIBITION GALLERY 1,,,,
7/7/2015,61,BMAG,TEMPORARY EXHIBITION GALLERY 1,,,,
7/8/2015,81,BMAG,TEMPORARY EXHIBITION GALLERY 1,,,,
7/9/2015,69,BMAG,TEMPORARY EXHIBITION GALLERY 1,,,,
7/10/2015,215,BMAG,TEMPORARY EXHIBITION GALLERY 1,,,,
7/11/2015,130,BMAG,TEMPORARY EXHIBITION GALLERY 1,,,,
7/12/2015,132,BMAG,TEMPORARY EXHIBITION GALLERY 1,,,,
7/13/2015,139,BMAG,TEMPORARY EXHIBITION GALLERY 1,,,,
7/14/2015,93,BMAG,TEMPORARY EXHIBITION GALLERY 1,,,,
7/15/2015,67,BMAG,TEMPORARY EXHIBITION GALLERY 1,,,,
7/16/2015,70,BMAG,TEMPORARY EXHIBITION GALLERY 1,,,,
7/17/2015,108,BMAG,TEMPORARY EXHIBITION GALLERY 1,,,,
7/18/2015,108,BMAG,TEMPORARY EXHIBITION GALLERY 1,,,,
7/19/2015,59,BMAG,TEMPORARY EXHIBITION GALLERY 1,,,,
7/20/2015,94,BMAG,TEMPORARY EXHIBITION GALLERY 1,,,,
7/21/2015,81,BMAG,TEMPORARY EXHIBITION GALLERY 1,,,,
7/22/2015,96,BMAG,TEMPORARY EXHIBITION GALLERY 1,,,,
7/23/2015,103,BMAG,TEMPORARY EXHIBITION GALLERY 1,,,,
7/24/2015,111,BMAG,TEMPORARY EXHIBITION GALLERY 1,,,,
7/25/2015,106,BMAG,TEMPORARY EXHIBITION GALLERY 1,,,,
7/26/2015,204,BMAG,TEMPORARY EXHIBITION GALLERY 1,,,,
7/27/2015,115,BMAG,TEMPORARY EXHIBITION GALLERY 1,,,,
7/28/2015,104,BMAG,TEMPORARY EXHIBITION GALLERY 1,,,,
7/29/2015,100,BMAG,TEMPORARY EXHIBITION GALLERY 1,,,,
7/30/2015,81,BMAG,TEMPORARY EXHIBITION GALLERY 1,,,,
7/31/2015,107,BMAG,TEMPORARY EXHIBITION GALLERY 1,,,,
8/1/2015,149,BMAG,TEMPORARY EXHIBITION GALLERY 1,,,,
8/2/2015,91,BMAG,TEMPORARY EXHIBITION GALLERY 1,,,,
8/3/2015,67,BMAG,TEMPORARY EXHIBITION GALLERY 1,,,,
8/4/2015,70,BMAG,TEMPORARY EXHIBITION GALLERY 1,,,,
8/5/2015,0,BMAG,TEMPORARY EXHIBITION GALLERY 1,,,,
8/6/2015,70,BMAG,TEMPORARY EXHIBITION GALLERY 1,,,,
8/7/2015,80,BMAG,TEMPORARY EXHIBITION GALLERY 1,,,,
8/8/2015,105,BMAG,TEMPORARY EXHIBITION GALLERY 1,,,,
8/9/2015,102,BMAG,TEMPORARY EXHIBITION GALLERY 1,,,,
8/10/2015,116,BMAG,TEMPORARY EXHIBITION GALLERY 1,,,,
8/11/2015,103,BMAG,TEMPORARY EXHIBITION GALLERY 1,,,,
8/12/2015,102,BMAG,TEMPORARY EXHIBITION GALLERY 1,,,,
8/13/2015,105,BMAG,TEMPORARY EXHIBITION GALLERY 1,,,,
8/14/2015,126,BMAG,TEMPORARY EXHIBITION GALLERY 1,,,,
8/15/2015,183,BMAG,TEMPORARY EXHIBITION GALLERY 1,,,,
8/16/2015,88,BMAG,TEMPORARY EXHIBITION GALLERY 1,,,,
8/17/2015,87,BMAG,TEMPORARY EXHIBITION GALLERY 1,,,,
8/18/2015,91,BMAG,TEMPORARY EXHIBITION GALLERY 1,,,,
8/19/2015,120,BMAG,TEMPORARY EXHIBITION GALLERY 1,,,,
8/20/2015,95,BMAG,TEMPORARY EXHIBITION GALLERY 1,,,,
8/21/2015,137,BMAG,TEMPORARY EXHIBITION GALLERY 1,,,,
8/22/2015,135,BMAG,TEMPORARY EXHIBITION GALLERY 1,,,,
8/23/2015,208,BMAG,TEMPORARY EXHIBITION GALLERY 1,,,,
8/24/2015,133,BMAG,TEMPORARY EXHIBITION GALLERY 1,,,,
8/25/2015,136,BMAG,TEMPORARY EXHIBITION GALLERY 1,,,,
8/26/2015,129,BMAG,TEMPORARY EXHIBITION GALLERY 1,,,,
8/27/2015,159,BMAG,TEMPORARY EXHIBITION GALLERY 1,,,,
8/28/2015,140,BMAG,TEMPORARY EXHIBITION GALLERY 1,,,,
8/29/2015,175,BMAG,TEMPORARY EXHIBITION GALLERY 1,,,,
8/30/2015,283,BMAG,TEMPORARY EXHIBITION GALLERY 1,,,,
8/31/2015,412,BMAG,TEMPORARY EXHIBITION GALLERY 1,,,,
9/1/2015,0,BMAG,TEMPORARY EXHIBITION GALLERY 1,,,,
9/2/2015,0,BMAG,TEMPORARY EXHIBITION GALLERY 1,,,,
9/3/2015,0,BMAG,TEMPORARY EXHIBITION GALLERY 1,,,,
9/4/2015,0,BMAG,TEMPORARY EXHIBITION GALLERY 1,,,,
9/5/2015,0,BMAG,TEMPORARY EXHIBITION GALLERY 1,,,,
9/6/2015,0,BMAG,TEMPORARY EXHIBITION GALLERY 1,,,,
9/7/2015,0,BMAG,TEMPORARY EXHIBITION GALLERY 1,,,,
9/8/2015,0,BMAG,TEMPORARY EXHIBITION GALLERY 1,,,,
9/9/2015,0,BMAG,TEMPORARY EXHIBITION GALLERY 1,,,,
9/10/2015,0,BMAG,TEMPORARY EXHIBITION GALLERY 1,,,,
9/11/2015,0,BMAG,TEMPORARY EXHIBITION GALLERY 1,,,,
9/12/2015,0,BMAG,TEMPORARY EXHIBITION GALLERY 1,,,,
9/13/2015,0,BMAG,TEMPORARY EXHIBITION GALLERY 1,,,,
9/14/2015,0,BMAG,TEMPORARY EXHIBITION GALLERY 1,,,,
9/15/2015,0,BMAG,TEMPORARY EXHIBITION GALLERY 1,,,,
9/16/2015,0,BMAG,TEMPORARY EXHIBITION GALLERY 1,,,,
9/17/2015,0,BMAG,TEMPORARY EXHIBITION GALLERY 1,,,,
9/18/2015,0,BMAG,TEMPORARY EXHIBITION GALLERY 1,,,,
9/19/2015,0,BMAG,TEMPORARY EXHIBITION GALLERY 1,,,,
9/20/2015,0,BMAG,TEMPORARY EXHIBITION GALLERY 1,,,,
9/21/2015,0,BMAG,TEMPORARY EXHIBITION GALLERY 1,,,,
9/22/2015,0,BMAG,TEMPORARY EXHIBITION GALLERY 1,,,,
9/23/2015,0,BMAG,TEMPORARY EXHIBITION GALLERY 1,,,,
9/24/2015,0,BMAG,TEMPORARY EXHIBITION GALLERY 1,,,,
9/25/2015,0,BMAG,TEMPORARY EXHIBITION GALLERY 1,,,,
9/26/2015,0,BMAG,TEMPORARY EXHIBITION GALLERY 1,,,,
9/27/2015,0,BMAG,TEMPORARY EXHIBITION GALLERY 1,,,,
9/28/2015,0,BMAG,TEMPORARY EXHIBITION GALLERY 1,,,,
9/29/2015,0,BMAG,TEMPORARY EXHIBITION GALLERY 1,,,,
9/30/2015,0,BMAG,TEMPORARY EXHIBITION GALLERY 1,,,,
10/1/2014,0,BMAG,TEMPORARY EXHIBITION GALLERY 1,,,,
10/2/2014,0,BMAG,TEMPORARY EXHIBITION GALLERY 1,,,,
10/3/2014,0,BMAG,TEMPORARY EXHIBITION GALLERY 1,,,,
10/4/2014,0,BMAG,TEMPORARY EXHIBITION GALLERY 1,,,,
10/5/2015,0,BMAG,TEMPORARY EXHIBITION GALLERY 1,,,,
10/6/2015,0,BMAG,TEMPORARY EXHIBITION GALLERY 1,,,,
10/7/2015,0,BMAG,TEMPORARY EXHIBITION GALLERY 1,,,,
10/8/2015,0,BMAG,TEMPORARY EXHIBITION GALLERY 1,,,,
10/9/2015,0,BMAG,TEMPORARY EXHIBITION GALLERY 1,,,,
10/10/2015,0,BMAG,TEMPORARY EXHIBITION GALLERY 1,,,,
10/11/2015,0,BMAG,TEMPORARY EXHIBITION GALLERY 1,,,,
10/12/2015,0,BMAG,TEMPORARY EXHIBITION GALLERY 1,,,,
10/13/2015,0,BMAG,TEMPORARY EXHIBITION GALLERY 1,,,,
10/14/2015,0,BMAG,TEMPORARY EXHIBITION GALLERY 1,,,,
10/15/2015,0,BMAG,TEMPORARY EXHIBITION GALLERY 1,,,,
10/16/2015,0,BMAG,TEMPORARY EXHIBITION GALLERY 1,,,,
10/17/2015,0,BMAG,TEMPORARY EXHIBITION GALLERY 1,,,,
10/18/2015,0,BMAG,TEMPORARY EXHIBITION GALLERY 1,,,,
10/19/2015,0,BMAG,TEMPORARY EXHIBITION GALLERY 1,,,,
10/20/2015,0,BMAG,TEMPORARY EXHIBITION GALLERY 1,,,,
10/21/2015,0,BMAG,TEMPORARY EXHIBITION GALLERY 1,,,,
10/22/2015,0,BMAG,TEMPORARY EXHIBITION GALLERY 1,,,,
10/23/2015,0,BMAG,TEMPORARY EXHIBITION GALLERY 1,,,,
10/24/2015,889,BMAG,TEMPORARY EXHIBITION GALLERY 1,,,,
10/25/2015,727,BMAG,TEMPORARY EXHIBITION GALLERY 1,,,,
10/26/2015,703,BMAG,TEMPORARY EXHIBITION GALLERY 1,,,,
10/27/2015,638,BMAG,TEMPORARY EXHIBITION GALLERY 1,,,,
10/28/2015,798,BMAG,TEMPORARY EXHIBITION GALLERY 1,,,,
10/29/2015,626,BMAG,TEMPORARY EXHIBITION GALLERY 1,,,,
10/30/2015,875,BMAG,TEMPORARY EXHIBITION GALLERY 1,,,,
10/31/2015,1044,BMAG,TEMPORARY EXHIBITION GALLERY 1,,,,
11/1/2014,627,BMAG,TEMPORARY EXHIBITION GALLERY 1,,,,
11/2/2015,528,BMAG,TEMPORARY EXHIBITION GALLERY 1,,,,
11/3/2015,385,BMAG,TEMPORARY EXHIBITION GALLERY 1,,,,
11/4/2015,286,BMAG,TEMPORARY EXHIBITION GALLERY 1,,,,
11/5/2015,306,BMAG,TEMPORARY EXHIBITION GALLERY 1,,,,
11/6/2015,496,BMAG,TEMPORARY EXHIBITION GALLERY 1,,,,
11/7/2015,884,BMAG,TEMPORARY EXHIBITION GALLERY 1,,,,
11/8/2015,477,BMAG,TEMPORARY EXHIBITION GALLERY 1,,,,
11/9/2015,366,BMAG,TEMPORARY EXHIBITION GALLERY 1,,,,
11/10/2015,299,BMAG,TEMPORARY EXHIBITION GALLERY 1,,,,
11/11/2015,361,BMAG,TEMPORARY EXHIBITION GALLERY 1,,,,
11/12/2015,397,BMAG,TEMPORARY EXHIBITION GALLERY 1,,,,
11/13/2015,400,BMAG,TEMPORARY EXHIBITION GALLERY 1,,,,
11/14/2015,1002,BMAG,TEMPORARY EXHIBITION GALLERY 1,,,,
11/15/2015,687,BMAG,TEMPORARY EXHIBITION GALLERY 1,,,,
11/16/2015,112,BMAG,TEMPORARY EXHIBITION GALLERY 1,,,,
11/17/2015,185,BMAG,TEMPORARY EXHIBITION GALLERY 1,,,,
11/18/2015,301,BMAG,TEMPORARY EXHIBITION GALLERY 1,,,,
11/19/2015,207,BMAG,TEMPORARY EXHIBITION GALLERY 1,,,,
11/20/2015,219,BMAG,TEMPORARY EXHIBITION GALLERY 1,,,,
11/21/2015,1120,BMAG,TEMPORARY EXHIBITION GALLERY 1,,,,
11/22/2015,529,BMAG,TEMPORARY EXHIBITION GALLERY 1,,,,
11/23/2015,243,BMAG,TEMPORARY EXHIBITION GALLERY 1,,,,
11/24/2015,193,BMAG,TEMPORARY EXHIBITION GALLERY 1,,,,
11/25/2015,247,BMAG,TEMPORARY EXHIBITION GALLERY 1,,,,
11/26/2015,302,BMAG,TEMPORARY EXHIBITION GALLERY 1,,,,
11/27/2015,226,BMAG,TEMPORARY EXHIBITION GALLERY 1,,,,
11/28/2015,828,BMAG,TEMPORARY EXHIBITION GALLERY 1,,,,
11/29/2015,654,BMAG,TEMPORARY EXHIBITION GALLERY 1,,,,
11/30/2015,203,BMAG,TEMPORARY EXHIBITION GALLERY 1,,,,
12/1/2015,175,BMAG,TEMPORARY EXHIBITION GALLERY 1,,,,
12/2/2015,332,BMAG,TEMPORARY EXHIBITION GALLERY 1,,,,
12/3/2015,177,BMAG,TEMPORARY EXHIBITION GALLERY 1,,,,
12/4/2015,398,BMAG,TEMPORARY EXHIBITION GALLERY 1,,,,
12/5/2015,745,BMAG,TEMPORARY EXHIBITION GALLERY 1,,,,
12/6/2015,707,BMAG,TEMPORARY EXHIBITION GALLERY 1,,,,
12/7/2015,168,BMAG,TEMPORARY EXHIBITION GALLERY 1,,,,
12/8/2015,237,BMAG,TEMPORARY EXHIBITION GALLERY 1,,,,
12/9/2015,366,BMAG,TEMPORARY EXHIBITION GALLERY 1,,,,
12/10/2015,163,BMAG,TEMPORARY EXHIBITION GALLERY 1,,,,
12/11/2015,261,BMAG,TEMPORARY EXHIBITION GALLERY 1,,,,
12/12/2015,575,BMAG,TEMPORARY EXHIBITION GALLERY 1,,,,
12/13/2015,469,BMAG,TEMPORARY EXHIBITION GALLERY 1,,,,
12/14/2015,186,BMAG,TEMPORARY EXHIBITION GALLERY 1,,,,
12/15/2015,175,BMAG,TEMPORARY EXHIBITION GALLERY 1,,,,
12/16/2015,175,BMAG,TEMPORARY EXHIBITION GALLERY 1,,,,
12/17/2015,187,BMAG,TEMPORARY EXHIBITION GALLERY 1,,,,
12/18/2015,232,BMAG,TEMPORARY EXHIBITION GALLERY 1,,,,
12/19/2015,492,BMAG,TEMPORARY EXHIBITION GALLERY 1,,,,
12/20/2015,368,BMAG,TEMPORARY EXHIBITION GALLERY 1,,,,
12/21/2015,440,BMAG,TEMPORARY EXHIBITION GALLERY 1,,,,
12/22/2015,325,BMAG,TEMPORARY EXHIBITION GALLERY 1,,,,
12/23/2015,278,BMAG,TEMPORARY EXHIBITION GALLERY 1,,,,
12/24/2015,91,BMAG,TEMPORARY EXHIBITION GALLERY 1,,,,
12/27/2015,432,BMAG,TEMPORARY EXHIBITION GALLERY 1,,,,
12/28/2015,536,BMAG,TEMPORARY EXHIBITION GALLERY 1,,,,
12/29/2015,622,BMAG,TEMPORARY EXHIBITION GALLERY 1,,,,
12/30/2015,495,BMAG,TEMPORARY EXHIBITION GALLERY 1,,,,
12/31/2015,524,BMAG,TEMPORARY EXHIBITION GALLERY 1,,,,
1/1/2016,275,BMAG,TEMPORARY EXHIBITION GALLERY 1,,,,
1/2/2016,776,BMAG,TEMPORARY EXHIBITION GALLERY 1,,,,
1/3/2016,594,BMAG,TEMPORARY EXHIBITION GALLERY 1,,,,
1/4/2016,378,BMAG,TEMPORARY EXHIBITION GALLERY 1,,,,
1/5/2016,199,BMAG,TEMPORARY EXHIBITION GALLERY 1,,,,
1/6/2016,172,BMAG,TEMPORARY EXHIBITION GALLERY 1,,,,
1/7/2016,203,BMAG,TEMPORARY EXHIBITION GALLERY 1,,,,
1/8/2016,279,BMAG,TEMPORARY EXHIBITION GALLERY 1,,,,
1/9/2016,562,BMAG,TEMPORARY EXHIBITION GALLERY 1,,,,
1/10/2016,585,BMAG,TEMPORARY EXHIBITION GALLERY 1,,,,
1/11/2016,266,BMAG,TEMPORARY EXHIBITION GALLERY 1,,,,
1/12/2016,160,BMAG,TEMPORARY EXHIBITION GALLERY 1,,,,
1/13/2016,256,BMAG,TEMPORARY EXHIBITION GALLERY 1,,,,
1/14/2016,223,BMAG,TEMPORARY EXHIBITION GALLERY 1,,,,
1/15/2016,244,BMAG,TEMPORARY EXHIBITION GALLERY 1,,,,
1/16/2016,589,BMAG,TEMPORARY EXHIBITION GALLERY 1,,,,
1/17/2016,596,BMAG,TEMPORARY EXHIBITION GALLERY 1,,,,
1/18/2016,148,BMAG,TEMPORARY EXHIBITION GALLERY 1,,,,
1/19/2016,248,BMAG,TEMPORARY EXHIBITION GALLERY 1,,,,
1/20/2016,285,BMAG,TEMPORARY EXHIBITION GALLERY 1,,,,
1/21/2016,214,BMAG,TEMPORARY EXHIBITION GALLERY 1,,,,
1/22/2016,342,BMAG,TEMPORARY EXHIBITION GALLERY 1,,,,
1/23/2016,920,BMAG,TEMPORARY EXHIBITION GALLERY 1,,,,
1/24/2016,710,BMAG,TEMPORARY EXHIBITION GALLERY 1,,,,
1/25/2016,305,BMAG,TEMPORARY EXHIBITION GALLERY 1,,,,
1/26/2016,208,BMAG,TEMPORARY EXHIBITION GALLERY 1,,,,
1/27/2016,292,BMAG,TEMPORARY EXHIBITION GALLERY 1,,,,
1/28/2016,268,BMAG,TEMPORARY EXHIBITION GALLERY 1,,,,
1/29/2016,291,BMAG,TEMPORARY EXHIBITION GALLERY 1,,,,
1/30/2016,891,BMAG,TEMPORARY EXHIBITION GALLERY 1,,,,
1/31/2016,574,BMAG,TEMPORARY EXHIBITION GALLERY 1,,,,
2/1/2016,222,BMAG,TEMPORARY EXHIBITION GALLERY 1,,,,
2/2/2016,253,BMAG,TEMPORARY EXHIBITION GALLERY 1,,,,
2/3/2016,294,BMAG,TEMPORARY EXHIBITION GALLERY 1,,,,
2/4/2016,251,BMAG,TEMPORARY EXHIBITION GALLERY 1,,,,
2/5/2016,342,BMAG,TEMPORARY EXHIBITION GALLERY 1,,,,
2/6/2016,615,BMAG,TEMPORARY EXHIBITION GALLERY 1,,,,
2/7/2016,573,BMAG,TEMPORARY EXHIBITION GALLERY 1,,,,
2/8/2015,389,BMAG,TEMPORARY EXHIBITION GALLERY 1,,,,
2/9/2015,446,BMAG,TEMPORARY EXHIBITION GALLERY 1,,,,
2/10/2015,487,BMAG,TEMPORARY EXHIBITION GALLERY 1,,,,
2/11/2015,506,BMAG,TEMPORARY EXHIBITION GALLERY 1,,,,
2/12/2015,544,BMAG,TEMPORARY EXHIBITION GALLERY 1,,,,
2/13/2015,832,BMAG,TEMPORARY EXHIBITION GALLERY 1,,,,
2/14/2015,764,BMAG,TEMPORARY EXHIBITION GALLERY 1,,,,
2/15/2015,682,BMAG,TEMPORARY EXHIBITION GALLERY 1,,,,
2/16/2015,570,BMAG,TEMPORARY EXHIBITION GALLERY 1,,,,
2/17/2015,689,BMAG,TEMPORARY EXHIBITION GALLERY 1,,,,
2/18/2015,500,BMAG,TEMPORARY EXHIBITION GALLERY 1,,,,
2/19/2015,557,BMAG,TEMPORARY EXHIBITION GALLERY 1,,,,
2/20/2015,907,BMAG,TEMPORARY EXHIBITION GALLERY 1,,,,
2/21/2015,753,BMAG,TEMPORARY EXHIBITION GALLERY 1,,,,
2/22/2016,304,BMAG,TEMPORARY EXHIBITION GALLERY 1,,,,
2/23/2016,405,BMAG,TEMPORARY EXHIBITION GALLERY 1,,,,
2/24/2016,252,BMAG,TEMPORARY EXHIBITION GALLERY 1,,,,
2/25/2016,235,BMAG,TEMPORARY EXHIBITION GALLERY 1,,,,
2/26/2016,280,BMAG,TEMPORARY EXHIBITION GALLERY 1,,,,
2/27/2016,952,BMAG,TEMPORARY EXHIBITION GALLERY 1,,,,
2/28/2016,624,BMAG,TEMPORARY EXHIBITION GALLERY 1,,,,
2/29/2016,316,BMAG,TEMPORARY EXHIBITION GALLERY 1,,,,
3/1/2016,278,BMAG,TEMPORARY EXHIBITION GALLERY 1,,,,
3/2/2016,208,BMAG,TEMPORARY EXHIBITION GALLERY 1,,,,
3/3/2016,253,BMAG,TEMPORARY EXHIBITION GALLERY 1,,,,
3/4/2016,316,BMAG,TEMPORARY EXHIBITION GALLERY 1,,,,
3/5/2016,1080,BMAG,TEMPORARY EXHIBITION GALLERY 1,,,,
3/6/2016,807,BMAG,TEMPORARY EXHIBITION GALLERY 1,,,,
3/7/2016,340,BMAG,TEMPORARY EXHIBITION GALLERY 1,,,,
3/8/2016,319,BMAG,TEMPORARY EXHIBITION GALLERY 1,,,,
3/9/2016,332,BMAG,TEMPORARY EXHIBITION GALLERY 1,,,,
3/10/2016,332,BMAG,TEMPORARY EXHIBITION GALLERY 1,,,,
3/11/2016,388,BMAG,TEMPORARY EXHIBITION GALLERY 1,,,,
3/12/2016,718,BMAG,TEMPORARY EXHIBITION GALLERY 1,,,,
3/13/2016,743,BMAG,TEMPORARY EXHIBITION GALLERY 1,,,,
4/1/2015,313,BMAG,Gallery 5,,,,
4/2/2015,441,BMAG,Gallery 5,,,,
4/3/2015,734,BMAG,Gallery 5,,,,
4/4/2015,497,BMAG,Gallery 5,,,,
4/5/2015,410,BMAG,Gallery 5,,,,
4/6/2015,325,BMAG,Gallery 5,,,,
4/7/2015,258,BMAG,Gallery 5,,,,
4/8/2015,408,BMAG,Gallery 5,,,,
4/9/2015,281,BMAG,Gallery 5,,,,
4/10/2015,300,BMAG,Gallery 5,,,,
4/11/2015,540,BMAG,Gallery 5,,,,
4/12/2015,411,BMAG,Gallery 5,,,,
4/13/2015,111,BMAG,Gallery 5,,,,
4/14/2015,111,BMAG,Gallery 5,,,,
4/15/2015,100,BMAG,Gallery 5,,,,
4/16/2015,99,BMAG,Gallery 5,,,,
4/17/2015,68,BMAG,Gallery 5,,,,
4/18/2015,489,BMAG,Gallery 5,,,,
4/19/2015,323,BMAG,Gallery 5,,,,
4/20/2015,170,BMAG,Gallery 5,,,,
4/21/2015,164,BMAG,Gallery 5,,,,
4/22/2015,100,BMAG,Gallery 5,,,,
4/23/2015,122,BMAG,Gallery 5,,,,
4/24/2015,221,BMAG,Gallery 5,,,,
4/25/2015,401,BMAG,Gallery 5,,,,
4/26/2015,346,BMAG,Gallery 5,,,,
4/27/2015,79,BMAG,Gallery 5,,,,
4/28/2015,112,BMAG,Gallery 5,,,,
4/29/2015,98,BMAG,Gallery 5,,,,
4/30/2015,109,BMAG,Gallery 5,,,,
5/1/2015,243,BMAG,Gallery 5,,,,
5/2/2015,597,BMAG,Gallery 5,,,,
5/3/2015,503,BMAG,Gallery 5,,,,
5/4/2015,468,BMAG,Gallery 5,,,,
5/5/2015,92,BMAG,Gallery 5,,,,
5/6/2015,154,BMAG,Gallery 5,,,,
5/7/2015,152,BMAG,Gallery 5,,,,
5/8/2015,166,BMAG,Gallery 5,,,,
5/9/2015,434,BMAG,Gallery 5,,,,
5/10/2015,351,BMAG,Gallery 5,,,,
5/11/2015,189,BMAG,Gallery 5,,,,
5/12/2015,100,BMAG,Gallery 5,,,,
5/13/2015,72,BMAG,Gallery 5,,,,
5/14/2015,275,BMAG,Gallery 5,,,,
5/15/2015,133,BMAG,Gallery 5,,,,
5/16/2015,318,BMAG,Gallery 5,,,,
5/17/2015,243,BMAG,Gallery 5,,,,
5/18/2015,167,BMAG,Gallery 5,,,,
5/19/2015,210,BMAG,Gallery 5,,,,
5/20/2015,48,BMAG,Gallery 5,,,,
5/21/2015,102,BMAG,Gallery 5,,,,
5/22/2015,117,BMAG,Gallery 5,,,,
5/23/2015,223,BMAG,Gallery 5,,,,
5/24/2015,451,BMAG,Gallery 5,,,,
5/25/2015,427,BMAG,Gallery 5,,,,
5/26/2015,240,BMAG,Gallery 5,,,,
5/27/2015,234,BMAG,Gallery 5,,,,
5/28/2015,268,BMAG,Gallery 5,,,,
5/29/2015,392,BMAG,Gallery 5,,,,
5/30/2015,297,BMAG,Gallery 5,,,,
5/31/2015,322,BMAG,Gallery 5,,,,
6/1/2015,225,BMAG,Gallery 5,,,,
6/2/2015,168,BMAG,Gallery 5,,,,
6/3/2015,122,BMAG,Gallery 5,,,,
6/4/2015,105,BMAG,Gallery 5,,,,
6/5/2015,155,BMAG,Gallery 5,,,,
6/6/2015,293,BMAG,Gallery 5,,,,
6/7/2015,235,BMAG,Gallery 5,,,,
6/8/2015,77,BMAG,Gallery 5,,,,
6/9/2015,261,BMAG,Gallery 5,,,,
6/10/2015,320,BMAG,Gallery 5,,,,
6/11/2015,97,BMAG,Gallery 5,,,,
6/12/2015,146,BMAG,Gallery 5,,,,
6/13/2015,514,BMAG,Gallery 5,,,,
6/14/2015,272,BMAG,Gallery 5,,,,
6/15/2015,169,BMAG,Gallery 5,,,,
6/16/2015,142,BMAG,Gallery 5,,,,
6/17/2015,160,BMAG,Gallery 5,,,,
6/18/2015,169,BMAG,Gallery 5,,,,
6/19/2015,169,BMAG,Gallery 5,,,,
6/20/2015,287,BMAG,Gallery 5,,,,
6/21/2015,263,BMAG,Gallery 5,,,,
6/22/2015,159,BMAG,Gallery 5,,,,
6/23/2015,180,BMAG,Gallery 5,,,,
6/24/2015,116,BMAG,Gallery 5,,,,
6/25/2015,116,BMAG,Gallery 5,,,,
6/26/2015,143,BMAG,Gallery 5,,,,
6/27/2015,277,BMAG,Gallery 5,,,,
6/28/2015,430,BMAG,Gallery 5,,,,
6/29/2015,105,BMAG,Gallery 5,,,,
6/30/2015,112,BMAG,Gallery 5,,,,
7/1/2015,110,BMAG,Gallery 5,,,,
7/2/2015,123,BMAG,Gallery 5,,,,
7/3/2015,61,BMAG,Gallery 5,,,,
7/4/2015,155,BMAG,Gallery 5,,,,
7/5/2015,173,BMAG,Gallery 5,,,,
7/6/2015,170,BMAG,Gallery 5,,,,
7/7/2015,183,BMAG,Gallery 5,,,,
7/8/2015,104,BMAG,Gallery 5,,,,
7/9/2015,194,BMAG,Gallery 5,,,,
7/10/2015,103,BMAG,Gallery 5,,,,
7/11/2015,283,BMAG,Gallery 5,,,,
7/12/2015,468,BMAG,Gallery 5,,,,
7/13/2015,236,BMAG,Gallery 5,,,,
7/14/2015,193,BMAG,Gallery 5,,,,
7/15/2015,220,BMAG,Gallery 5,,,,
7/16/2015,146,BMAG,Gallery 5,,,,
7/17/2015,143,BMAG,Gallery 5,,,,
7/18/2015,166,BMAG,Gallery 5,,,,
7/19/2015,264,BMAG,Gallery 5,,,,
7/20/2015,275,BMAG,Gallery 5,,,,
7/21/2015,188,BMAG,Gallery 5,,,,
7/22/2015,230,BMAG,Gallery 5,,,,
7/23/2015,209,BMAG,Gallery 5,,,,
7/24/2015,245,BMAG,Gallery 5,,,,
7/25/2015,280,BMAG,Gallery 5,,,,
7/26/2015,614,BMAG,Gallery 5,,,,
7/27/2015,361,BMAG,Gallery 5,,,,
7/28/2015,269,BMAG,Gallery 5,,,,
7/29/2015,272,BMAG,Gallery 5,,,,
7/30/2015,254,BMAG,Gallery 5,,,,
7/31/2015,245,BMAG,Gallery 5,,,,
8/1/2015,330,BMAG,Gallery 5,,,,
8/2/2015,187,BMAG,Gallery 5,,,,
8/3/2015,315,BMAG,Gallery 5,,,,
8/4/2015,304,BMAG,Gallery 5,,,,
8/5/2015,354,BMAG,Gallery 5,,,,
8/6/2015,170,BMAG,Gallery 5,,,,
8/7/2015,260,BMAG,Gallery 5,,,,
8/8/2015,311,BMAG,Gallery 5,,,,
8/9/2015,412,BMAG,Gallery 5,,,,
8/10/2015,496,BMAG,Gallery 5,,,,
8/11/2015,342,BMAG,Gallery 5,,,,
8/12/2015,401,BMAG,Gallery 5,,,,
8/13/2015,387,BMAG,Gallery 5,,,,
8/14/2015,442,BMAG,Gallery 5,,,,
8/15/2015,392,BMAG,Gallery 5,,,,
8/16/2015,409,BMAG,Gallery 5,,,,
8/17/2015,280,BMAG,Gallery 5,,,,
8/18/2015,198,BMAG,Gallery 5,,,,
8/19/2015,350,BMAG,Gallery 5,,,,
8/20/2015,313,BMAG,Gallery 5,,,,
8/21/2015,360,BMAG,Gallery 5,,,,
8/22/2015,387,BMAG,Gallery 5,,,,
8/23/2015,567,BMAG,Gallery 5,,,,
8/24/2015,526,BMAG,Gallery 5,,,,
8/25/2015,434,BMAG,Gallery 5,,,,
8/26/2015,332,BMAG,Gallery 5,,,,
8/27/2015,308,BMAG,Gallery 5,,,,
8/28/2015,295,BMAG,Gallery 5,,,,
8/29/2015,660,BMAG,Gallery 5,,,,
8/30/2015,678,BMAG,Gallery 5,,,,
8/31/2015,956,BMAG,Gallery 5,,,,
9/1/2015,176,BMAG,Gallery 5,,,,
9/2/2015,171,BMAG,Gallery 5,,,,
9/3/2015,218,BMAG,Gallery 5,,,,
9/4/2015,241,BMAG,Gallery 5,,,,
9/5/2015,393,BMAG,Gallery 5,,,,
9/8/2015,153,BMAG,Gallery 5,,,,
9/9/2015,114,BMAG,Gallery 5,,,,
9/10/2015,201,BMAG,Gallery 5,,,,
9/11/2015,194,BMAG,Gallery 5,,,,
9/12/2015,555,BMAG,Gallery 5,,,,
9/13/2015,300,BMAG,Gallery 5,,,,
9/14/2015,188,BMAG,Gallery 5,,,,
9/15/2015,161,BMAG,Gallery 5,,,,
9/16/2015,250,BMAG,Gallery 5,,,,
9/17/2015,158,BMAG,Gallery 5,,,,
9/18/2015,170,BMAG,Gallery 5,,,,
9/19/2015,315,BMAG,Gallery 5,,,,
9/20/2015,333,BMAG,Gallery 5,,,,
9/21/2015,229,BMAG,Gallery 5,,,,
9/22/2015,148,BMAG,Gallery 5,,,,
9/23/2015,124,BMAG,Gallery 5,,,,
9/24/2015,150,BMAG,Gallery 5,,,,
9/26/2015,317,BMAG,Gallery 5,,,,
9/27/2015,347,BMAG,Gallery 5,,,,
